key,en,fr,zh,ja,ko,zh_TW,ru,pl,es,pt,de,tr,it
MENU_OPEN_TEMP,Open Temp Folder,Ouvrir le dossier temporaire,打开临时文件夹,一時フォルダを開く,임시 폴더 열기,打開臨時文件夾,Открыть временную папку,Otwórz folder tymczasowy,Abrir carpeta temporal,Abrir pasta temporária,Temporären Ordner öffnen,Geçici Klasörü Aç,Apri cartella temporanea
MENU_DELETE_MODE,Delete Mode,Mode de suppression,删除模式,削除モード,삭제 모드,刪除模式,Режим удаления,Tryb usuwania,Modo de eliminación,Modo de exclusão,Löschmodus,Silme Modu,Modalità eliminazione
MENU_MODE1,Delete after delay,Supprimer après délai,延迟删除,遅延削除,지연 후 삭제,延遲刪除,Удалить после задержки,Usuń po opóźnieniu,Eliminar tras retraso,Excluir após atraso,Nach Verzögerung löschen,Gecikmeden sonra sil,Elimina dopo ritardo
MENU_MODE2,Batch cleanup,Nettoyage par lots,批量清理,一括クリーンアップ,일괄 정리,批次清理,Пакетная очистка,Czyszczenie wsadowe,Limpieza por lotes,Limpeza em lote,Stapelbereinigung,Toplu temizlik,Pulizia batch
MENU_MODE3,Never delete,Ne jamais supprimer,永不删除,削除しない,삭제하지 않음,永不刪除,Никогда не удалять,Nigdy nie usuwaj,Nunca eliminar,Nunca excluir,Nie löschen,Asla silme,Non eliminare mai
MENU_SET_DELAY,Set Delay...,Définir le délai...,设置延迟时间...,遅延時間を設定...,지연 시간 설정...,設定延遲時間...,Установить задержку...,Ustaw opóźnienie...,Establecer retraso...,Definir atraso...,Verzögerung festlegen...,Gecikme Ayarla...,Imposta ritardo...
MENU_SET_INTERVAL,Set Cleanup Interval...,Définir l'intervalle de nettoyage...,设置清理间隔...,クリーンアップ間隔を設定...,정리 간격 설정...,設定清理間隔...,Установить интервал очистки...,Ustaw interwał czyszczenia...,Establecer intervalo de limpieza...,Definir intervalo de limpeza...,Bereinigungsintervall festlegen...,Temizlik Aralığı Ayarla...,Imposta intervallo pulizia...
MENU_MAX_HISTORY,Set Max History...,Définir l'historique max...,设置最大历史数量...,最大履歴数を設定...,최대 기록 수 설정...,設定最大歷史數量...,Установить макс. историю...,Ustaw maks. historię...,Establecer historial máx...,Definir histórico máx...,Max. Verlauf festlegen...,Maks. Geçmiş Ayarla...,Imposta cronologia max...
MENU_PASTE_MODE,Paste Mode,Mode de collage,粘贴模式,貼り付けモード,붙여넣기 모드,貼上模式,Режим вставки,Tryb wklejania,Modo de pegado,Modo de colar,Einfügemodus,Yapıştırma Modu,Modalità incolla
MENU_PASTE_FILE,Paste as File,Coller comme fichier,粘贴为文件,ファイルとして貼り付け,파일로 붙여넣기,貼上為文件,Вставить как файл,Wklej jako plik,Pegar como archivo,Colar como arquivo,Als Datei einfügen,Dosya Olarak Yapıştır,Incolla come file
MENU_PASTE_TEXT,Paste as Text (with source),Coller comme texte (avec source),粘贴为文本（带来源）,テキストとして貼り付け（ソース付き）,텍스트로 붙여넣기 (출처 포함),貼上為文字（帶來源）,Вставить как текст (с источником),Wklej jako tekst (ze źródłem),Pegar como texto (con fuente),Colar como texto (com fonte),Als Text einfügen (mit Quelle),Kaynakla Metin Olarak Yapıştır,Incolla come testo (con fonte)
MENU_IGNORE_RULES,Ignore Rules,Règles d'ignorance,忽略规则设置,無視ルール,무시 규칙,忽略規則設定,Правила игнорирования,Zasady ignorowania,Reglas de ignorado,Regras de ignorar,Ignorierregeln,Yoksayma Kuralları,Regole di ignoramento
MENU_AUTOSTART,Auto Start,Démarrage auto,开机自启,自動起動,자동 시작,開機自啟,Автозапуск,Autostart,Inicio automático,Inicialização automática,Autostart,Otomatik Başlatma,Avvio automatico
MENU_RELOAD,Reload,Recharger,重新加载,再読み込み,다시 로드,重新載入,Перезагрузить,Przeładuj,Recargar,Recarregar,Neu laden,Yeniden Yükle,Ricarica
MENU_EXIT,Exit,Quitter,退出,終了,종료,退出,Выход,Wyjście,Salir,Sair,Beenden,Çıkış,Uscita
MENU_LANGUAGE,Language,Langue,语言 / Language,言語 / Language,언어 / Language,語言 / Language,Язык / Language,Język / Language,Idioma / Language,Idioma / Language,Sprache / Language,Dil / Language,Lingua / Language
MENU_IM_STATUS_SET,ImageMagick: Set (click to change),ImageMagick : Défini (cliquer pour changer),ImageMagick: 已设置 (点击更改),ImageMagick: 設定済み (クリックで変更),ImageMagick: 설정됨 (클릭하여 변경),ImageMagick: 已設定 (點擊變更),ImageMagick: задан (нажмите для смены),"ImageMagick: ustawiony (kliknij, aby zmienić)",ImageMagick: establecido (clic para cambiar),ImageMagick: definido (clique para alterar),ImageMagick: gesetzt (Klick zum Ändern),ImageMagick: ayarlandı (değiştirmek için tıklayın),ImageMagick: impostato (clicca per cambiare)
MENU_IM_STATUS_NOTSET,ImageMagick: Not set / Invalid,ImageMagick : Non défini / Invalide,ImageMagick: 未设置/无效,ImageMagick: 未設定/無効,ImageMagick: 설정 안 됨/무효,ImageMagick: 未設定/無效,ImageMagick: не задан / недействителен,ImageMagick: nieustawiony / nieprawidłowy,ImageMagick: no configurado / no válido,ImageMagick: não definido / inválido,ImageMagick: nicht gesetzt / ungültig,ImageMagick: ayarlanmadı / geçersiz,ImageMagick: non impostato / non valido
MENU_REBUILD_LANG,Rebuild Language Cache,Reconstruire le cache de langue,重建语言缓存,言語キャッシュを再構築,언어 캐시 재구축,重建語言快取,Перестроить кэш языка,Przebuduj pamięć podręczną języka,Reconstruir caché de idioma,Reconstruir cache de idioma,Sprach-Cache neu aufbauen,Dil Önbelleğini Yeniden Oluştur,Ricostruisci cache lingua
MENU_DEBUG,Debug,Débogage,调试,デバッグ,디버그,除錯,Отладка,Debugowanie,Depuración,Depuração,Debug,Hata Ayıklama,Debug
MENU_CLEANUP_SETTINGS,Clear Settings,Effacer les paramètres,清理设置,設定をクリア,설정 지우기,清除設定,Очистить настройки,Wyczyść ustawienia,Limpiar configuración,Limpar configurações,Einstellungen löschen,Ayarları temizle,Cancella impostazioni
MENU_HISTORY_PASTE,History Paste,Coller l'historique,历史粘贴,履歴貼り付け,기록 붙여넣기,歷史貼上,Вставить историю,Wklej historię,Pegar historial,Colar histórico,Verlauf einfügen,Geçmişi yapıştır,Incolla cronologia
MENU_PANDOC,Pandoc,Pandoc,Pandoc,Pandoc,Pandoc,Pandoc,Pandoc,Pandoc,Pandoc,Pandoc,Pandoc,Pandoc,Pandoc
MENU_PANDOC_STATUS_SET,Pandoc: Set (click to change),Pandoc : Défini (cliquer pour changer),Pandoc: 已设置 (点击更改),Pandoc: 設定済み (クリックで変更),Pandoc: 설정됨 (클릭하여 변경),Pandoc: 已設定 (點擊變更),Pandoc: задан (нажмите для смены),"Pandoc: ustawiony (kliknij, aby zmienić)",Pandoc: establecido (clic para cambiar),Pandoc: definido (clique para alterar),Pandoc: gesetzt (Klick zum Ändern),Pandoc: ayarlandı (değiştirmek için tıklayın),Pandoc: impostato (clicca per cambiare)
MENU_PANDOC_STATUS_NOTSET,Pandoc: Not set / Invalid,Pandoc : Non défini / Invalide,Pandoc: 未设置/无效,Pandoc: 未設定/無効,Pandoc: 설정 안 됨/무효,Pandoc: 未設定/無效,Pandoc: не задан / недействителен,Pandoc: nieustawiony / nieprawidłowy,Pandoc: no configurado / no válido,Pandoc: não definido / inválido,Pandoc: nicht gesetzt / ungültig,Pandoc: ayarlanmadı / geçersiz,Pandoc: non impostato / non valido
MENU_PANDOC_PATH,Set Pandoc Path,Définir le chemin de Pandoc,设置 Pandoc 路径,Pandocのパスを設定,Pandoc 경로 설정,設定 Pandoc 路徑,Установить путь к Pandoc,Ustaw ścieżkę Pandoc,Establecer ruta de Pandoc,Definir caminho do Pandoc,Pandoc-Pfad festlegen,Pandoc Yolunu Ayarla,Imposta percorso Pandoc
MENU_PANDOC_OUTPUT,Set Output Format,Définir le format de sortie,设置输出格式,出力形式を設定,출력 형식 설정,設定輸出格式,Установить формат вывода,Ustaw format wyjściowy,Establecer formato de salida,Definir formato de saída,Ausgabeformat festlegen,Çıktı Biçimini Ayarla,Imposta formato di output
MENU_CHEATSHEET,Hotkey Reference,Référence des raccourcis,快捷键速查,ショートカット一覧,단축키 참조,快速鍵速查,Справочник горячих клавиш,Skróty klawiszowe,Referencia de atajos,Referência de atalhos,Tastenkürzel-Referenz,Kısayol Başvurusu,Riferimento scorciatoie
LANG_EN,English,English,English,English,English,English,English,English,English,English,English,English,English
LANG_FR,Français,Français,Français,Français,Français,Français,Français,Français,Français,Français,Français,Français,Français
LANG_ZH,中文 (简体),中文 (简体),中文 (简体),中文 (简体),中文 (简体),中文 (简体),中文 (简体),中文 (简体),中文 (简体),中文 (简体),中文 (简体),中文 (简体),中文 (简体)
LANG_JA,日本語,日本語,日本語,日本語,日本語,日本語,日本語,日本語,日本語,日本語,日本語,日本語,日本語
LANG_KO,한국어,한국어,한국어,한국어,한국어,한국어,한국어,한국어,한국어,한국어,한국어,한국어,한국어
LANG_ZH_TW,中文 (繁體),中文 (繁體),中文 (繁體),中文 (繁體),中文 (繁體),中文 (繁體),中文 (繁體),中文 (繁體),中文 (繁體),中文 (繁體),中文 (繁體),中文 (繁體),中文 (繁體)
LANG_RU,Русский,Русский,Русский,Русский,Русский,Русский,Русский,Русский,Русский,Русский,Русский,Русский,Русский
LANG_PL,Polski,Polski,Polski,Polski,Polski,Polski,Polski,Polski,Polski,Polski,Polski,Polski,Polski
LANG_ES,Español,Español,Español,Español,Español,Español,Español,Español,Español,Español,Español,Español,Español
LANG_PT,Português,Português,Português,Português,Português,Português,Português,Português,Português,Português,Português,Português,Português
LANG_DE,Deutsch,Deutsch,Deutsch,Deutsch,Deutsch,Deutsch,Deutsch,Deutsch,Deutsch,Deutsch,Deutsch,Deutsch,Deutsch
LANG_TR,Türkçe,Türkçe,Türkçe,Türkçe,Türkçe,Türkçe,Türkçe,Türkçe,Türkçe,Türkçe,Türkçe,Türkçe,Türkçe
LANG_IT,Italiano,Italiano,Italiano,Italiano,Italiano,Italiano,Italiano,Italiano,Italiano,Italiano,Italiano,Italiano,Italiano
GUI_FULL_TITLE,Clipboard History (Full),Historique du presse-papiers (complet),剪贴板历史 (完整),クリップボード履歴 (完全),클립보드 기록 (전체),剪貼簿歷史 (完整),История буфера обмена (полная),Historia schowka (pełna),Historial del portapapeles (completo),Histórico da área de transferência (completo),Zwischenablageverlauf (vollständig),Pano Geçmişi (Tam),Cronologia degli appunti (completa)
GUI_FULL_PASTE_FILE,Paste as File,Coller comme fichier,粘贴为文件,ファイルとして貼り付け,파일로 붙여넣기,貼上為文件,Вставить как файл,Wklej jako plik,Pegar como archivo,Colar como arquivo,Als Datei einfügen,Dosya Olarak Yapıştır,Incolla come file
GUI_FULL_PASTE_TEXT,Paste as Text,Coller comme texte,粘贴为文本,テキストとして貼り付け,텍스트로 붙여넣기,貼上為文字,Вставить как текст,Wklej jako tekst,Pegar como texto,Colar como texto,Als Text einfügen,Metin Olarak Yapıştır,Incolla come testo
GUI_FULL_CLOSE,Close,Fermer,关闭,閉じる,닫기,關閉,Закрыть,Zamknij,Cerrar,Fechar,Schließen,Kapat,Chiudi
GUI_FULL_SELECT_ALL,Select All,Tout sélectionner,全选,すべて選択,모두 선택,全選,Выбрать всё,Zaznacz wszystko,Seleccionar todo,Selecionar tudo,Alle auswählen,Tümünü Seç,Seleziona tutto
GUI_FULL_LOAD_MORE,Load More,Charger Plus,加载更多,もっと読み込む,더 불러오기,載入更多,Загрузить ещё,Załaduj więcej,Cargar más,Carregar mais,Mehr laden,Daha fazla yükle,Carica altro
GUI_FULL_DELETE_SELECTED,Delete Selected,Supprimer la sélection,删除选中,選択項目を削除,선택 항목 삭제,刪除選中,Удалить выбранное,Usuń zaznaczone,Eliminar seleccionados,Excluir selecionados,Ausgewählte löschen,Seçileni Sil,Elimina selezionati
GUI_FULL_SEARCH_PLACEHOLDER,Search...,Rechercher...,搜索...,検索...,검색...,搜尋...,Поиск...,Szukaj...,Buscar...,Pesquisar...,Suchen...,Ara...,Cerca...
GUI_FULL_SUBTITLE,Use: {1},Utiliser : {1},使用：{1},{1}を使用する,사용: {1},使用：{1},Использовать: {1},Użyj: {1},Usar: {1},Usar: {1},Verwenden: {1},Kullan: {1},Usa: {1}
GUI_FULL_SUBTITLE_0,Double-click to paste • Right-click for options,Double-cliquez pour coller • Clic droit pour les options,双击粘贴 • 右键打开选项,ダブルクリックで貼り付け • 右クリックでオプション,더블클릭하여 붙여넣기 • 마우스 오른쪽 버튼으로 옵션,雙擊貼上 • 右鍵開啟選項,Двойной клик для вставки • Правый клик для опций,"Kliknij dwukrotnie, aby wkleić • Prawy przycisk myszy dla opcji",Doble clic para pegar • Clic derecho para opciones,Duplo clique para colar • Botão direito para opções,Doppelklick zum Einfügen • Rechtsklick für Optionen,Yapıştırmak için çift tıklayın • Seçenekler için sağ tıklayın,Doppio clic per incollare • Tasto destro per le opzioni
GUI_FULL_STATUSBAR,Total {1} items | Showing {2},Total de {1} éléments | Affichage de {2},  共{1}项  |  正在显示其中{2}项,合計{1}件 | {2}件を表示中,총 {1}개 항목 | {2}개 항목 표시 중,  共{1}項  |  正在顯示其中{2}項,Всего {1} элементов | Показано {2},Łącznie {1} elementów | Wyświetlanie {2},Total de {1} elementos | Mostrando {2},Total de {1} itens | Mostrando {2},Insgesamt {1} Elemente | {2} werden angezeigt,Toplam {1} öğe | {2} öğe gösteriliyor,Totale {1} elementi | Visualizzazione di {2}
GUI_FULL_STATUSBAR_FILTERED,Filtered {1} items | Showing {2},Total de {1} éléments filtrés | Affichage de {2},  共筛选到{1}项 |  正在显示其中{2}项,フィルタリング済み{1}件 | {2}件を表示中,필터링된 {1}개 항목 | {2}개 항목 표시 중,  共篩選到{1}項 |  正在顯示其中{2}項,Отфильтровано {1} элементов | Показано {2},Przefiltrowano {1} elementów | Wyświetlanie {2},{1} elementos filtrados | Mostrando {2},{1} itens filtrados | Mostrando {2},{1} Elemente gefiltert | {2} werden angezeigt,{1} öğe filtrelendi | {2} öğe gösteriliyor,{1} elementi filtrati | Visualizzazione di {2}
GUI_PREVIEW_TITLE,Preview Content,Aperçu du contenu,预览内容,コンテンツのプレビュー,콘텐츠 미리보기,預覽內容,Предпросмотр содержимого,Podgląd zawartości,Vista previa del contenido,Visualizar conteúdo,Inhaltsvorschau,İçerik Önizleme,Anteprima contenuto
GUI_PREVIEW_CLOSE,Close,Fermer,关闭,閉じる,닫기,關閉,Закрыть,Zamknij,Cerrar,Fechar,Schließen,Kapat,Chiudi
GUI_IGNORE_TITLE,Ignore Rules,Ignorer les règles,忽略规则设置,ルールを無視,규칙 무시,忽略規則設定,Игнорировать правила,Ignoruj reguły,Ignorar reglas,Ignorar regras,Regeln ignorieren,Kuralları Yoksay,Ignora regole
GUI_IGNORE_PROMPT,"One regex per line, matching file paths will be skipped:","Une expression régulière par ligne, les chemins correspondants seront ignorés :",每行一个正则表达式，匹配的文件路径将被跳过：,1行に1つの正規表現、一致するファイルパスはスキップされます：,"한 줄에 정규식 하나씩, 일치하는 파일 경로는 건너뜁니다：",每行一個正規表示式，匹配的檔案路徑將被跳過：,"По одному регулярному выражению на строку, совпадающие пути будут пропущены：","Jedno wyrażenie regularne na wiersz, pasujące ścieżki zostaną pominięte：","Una expresión regular por línea, las rutas coincidentes se omitirán：","Uma regex por linha, caminhos correspondentes serão ignorados：","Eine Regex pro Zeile, übereinstimmende Pfade werden übersprungen：","Her satırda bir düzenli ifade, eşleşen dosya yolları atlanacak：","Un'espressione regolare per riga, i percorsi corrispondenti verranno saltati："
GUI_OK,OK,OK,确定,OK,확인,確定,OK,OK,Aceptar,OK,OK,Tamam,OK
GUI_CANCEL,Cancel,Annuler,取消,キャンセル,취소,取消,Отмена,Anuluj,Cancelar,Cancelar,Abbrechen,İptal,Annulla
GUI_IM_SELECT_TITLE,Select ImageMagick's magick.exe,Sélectionner magick.exe d'ImageMagick,选择 ImageMagick 的 magick.exe,ImageMagick の magick.exe を選択,ImageMagick의 magick.exe 선택,選擇 ImageMagick 的 magick.exe,Выбрать magick.exe ImageMagick,Wybierz magick.exe programu ImageMagick,Seleccionar magick.exe de ImageMagick,Selecionar magick.exe do ImageMagick,ImageMagick's magick.exe auswählen,ImageMagick'ın magick.exe dosyasını seç,Seleziona magick.exe di ImageMagick
GUI_IM_SELECT_FILTER,Executable (*.exe),Exécutable (*.exe),可执行文件 (*.exe),実行可能ファイル (*.exe),실행 파일 (*.exe),可執行檔案 (*.exe),Исполняемый файл (*.exe),Plik wykonywalny (*.exe),Ejecutable (*.exe),Executável (*.exe),Ausführbare Datei (*.exe),Çalıştırılabilir dosya (*.exe),Eseguibile (*.exe)
MSG_IM_NOT_FOUND,Please set ImageMagick magick.exe path in tray menu,Veuillez définir le chemin de magick.exe d'ImageMagick dans le menu de la barre d'état,请先在托盘菜单中设置 ImageMagick 的 magick.exe 路径,トレイメニューで ImageMagick の magick.exe パスを設定してください,트레이 메뉴에서 ImageMagick magick.exe 경로를 설정하세요,請先在系統匣選單中設定 ImageMagick 的 magick.exe 路徑,"Пожалуйста, укажите путь к magick.exe ImageMagick в меню трея",Ustaw ścieżkę do magick.exe ImageMagick w menu zasobnika systemowego,Configure la ruta de magick.exe de ImageMagick en el menú de la bandeja,Defina o caminho do magick.exe do ImageMagick no menu da bandeja,Bitte legen Sie den Pfad zu ImageMagick's magick.exe im Tray-Menü fest,Lütfen sistem tepsisi menüsünde ImageMagick magick.exe yolunu ayarlayın,Imposta il percorso di magick.exe di ImageMagick nel menu della barra delle applicazioni
MSG_NO_HISTORY,No manual copy history,Aucun historique de copie manuelle,没有手动复制历史,手動コピー履歴がありません,수동 복사 기록 없음,沒有手動複製歷史,Нет истории ручного копирования,Brak historii ręcznego kopiowania,Sin historial de copia manual,Sem histórico de cópia manual,Keine manuelle Kopierhistorie,Manuel kopyalama geçmişi yok,Nessuna cronologia copia manuale
MSG_SELECT_ITEM,Please select at least one item,Veuillez sélectionner au moins un élément,请至少选择一个条目,少なくとも1つのアイテムを選択してください,항목을 하나 이상 선택하세요,請至少選擇一個條目,Выберите хотя бы один элемент,Wybierz co najmniej jeden element,Seleccione al menos un elemento,Selecione pelo menos um item,Bitte wählen Sie mindestens ein Element aus,Lütfen en az bir öğe seçin,Seleziona almeno un elemento
MSG_TARGET_CLOSED,"Target window closed, please switch to desired window within 2 seconds...","Fenêtre cible fermée, veuillez basculer vers la fenêtre souhaitée dans les 2 secondes...",目标窗口已关闭，请在2秒内切换至目标窗口...,対象ウィンドウが閉じられました。2秒以内に目的のウィンドウに切り替えてください...,대상 창이 닫혔습니다. 2초 이내에 원하는 창으로 전환하세요...,目標視窗已關閉，請在2秒內切換至目標視窗...,"Целевое окно закрыто, переключитесь на нужное окно в течение 2 секунд...","Okno docelowe zamknięte, przełącz się na żądane okno w ciągu 2 sekund...","Ventana objetivo cerrada, cambie a la ventana deseada en 2 segundos...","Janela de destino fechada, mude para a janela desejada em 2 segundos...","Zielfenster geschlossen, bitte innerhalb von 2 Sekunden zum gewünschten Fenster wechseln...","Hedef pencere kapandı, lütfen 2 saniye içinde istenen pencereye geçin...","Finestra di destinazione chiusa, passa alla finestra desiderata entro 2 secondi..."
MSG_NO_TARGET,"No new window detected, operation cancelled","Aucune nouvelle fenêtre détectée, opération annulée",未检测到新窗口，操作取消,新しいウィンドウが検出されませんでした。操作をキャンセルします,새 창이 감지되지 않아 작업이 취소되었습니다,未偵測到新視窗，操作取消,"Новое окно не обнаружено, операция отменена","Nie wykryto nowego okna, operacja anulowana","No se detectó nueva ventana, operación cancelada","Nenhuma nova janela detectada, operação cancelada","Kein neues Fenster erkannt, Vorgang abgebrochen","Yeni pencere algılanmadı, işlem iptal edildi","Nessuna nuova finestra rilevata, operazione annullata"
MSG_PASTE_COMPLETE,Paste complete,Collage terminé,粘贴完成,貼り付け完了,붙여넣기 완료,貼上完成,Вставка завершена,Wklejanie zakończone,Pegado completado,Colagem concluída,Einfügen abgeschlossen,Yapıştırma tamamlandı,Incollaggio completato
MSG_DELETED,Deleted,Supprimé,已删除,削除済み,삭제됨,已刪除,Удалено,Usunięte,Eliminado,Excluído,Gelöscht,Silindi,Eliminato
MSG_FILE_IGNORED,File ignored by rules,Fichier ignoré par les règles,文件被忽略规则跳过,ファイルはルールによって無視されました,파일이 규칙에 의해 무시되었습니다,文件被忽略規則跳過,Файл проигнорирован правилами,Plik zignorowany przez reguły,Archivo ignorado por las reglas,Arquivo ignorado pelas regras,Datei von Regeln ignoriert,Dosya kurallar tarafından yok sayıldı,File ignorato dalle regole
MSG_ALL_FILES_IGNORED,All files were skipped by ignore rules.,Tous les fichiers ont été ignorés par les règles d'ignorance.,所有文件被忽略规则跳过,すべてのファイルが無視ルールによってスキップされました。,모든 파일이 무시 규칙에 의해 건너뛰어졌습니다.,所有檔案被忽略規則跳過,Все файлы пропущены правилами игнорирования.,Wszystkie pliki zostały pominięte przez reguły ignorowania.,Todos los archivos fueron omitidos por las reglas de omisión.,Todos os arquivos foram ignorados pelas regras de ignorar.,Alle Dateien wurden durch Ignorierregeln übersprungen.,Tüm dosyalar yok sayma kuralları tarafından atlandı.,Tutti i file sono stati ignorati dalle regole di esclusione.
MSG_ALL_FOLDERS_IGNORED,All folders were skipped by ignore rules.,Tous les dossiers ont été ignorés par les règles d'ignorance.,所有文件夹被忽略规则跳过,すべてのフォルダが無視ルールによってスキップされました。,모든 폴더가 무시 규칙에 의해 건너뛰어졌습니다.,所有資料夾被忽略規則跳過,Все папки пропущены правилами игнорирования.,Wszystkie foldery zostały pominięte przez reguły ignorowania.,Todas las carpetas fueron omitidas por las reglas de omisión.,Todas as pastas foram ignoradas pelas regras de ignorar.,Alle Ordner wurden durch Ignorierregeln übersprungen.,Tüm klasörler yok sayma kuralları tarafından atlandı.,Tutte le cartelle sono state ignorate dalle regole di esclusione.
MSG_ALL_PATHS_IGNORED,All paths were skipped by ignore rules.,Tous les chemins ont été ignorés par les règles d'ignorance.,所有路径被忽略规则跳过,すべてのパスが無視ルールによってスキップされました。,모든 경로가 무시 규칙에 의해 건너뛰어졌습니다.,所有路徑被忽略規則跳過,Все пути пропущены правилами игнорирования.,Wszystkie ścieżki zostały pominięte przez reguły ignorowania.,Todas las rutas fueron omitidas por las reglas de omisión.,Todos os caminhos foram ignorados pelas regras de ignorar.,Alle Pfade wurden durch Ignorierregeln übersprungen.,Tüm yollar yok sayma kuralları tarafından atlandı.,Tutti i percorsi sono stati ignorati dalle regole di esclusione.
MSG_FOLDER_EMPTY_OR_IGNORED,Folder is empty or skipped by ignore rules.,Le dossier est vide ou ignoré par les règles d'ignorance.,文件夹为空或被忽略规则跳过,フォルダが空であるか、無視ルールによってスキップされました。,폴더가 비어 있거나 무시 규칙에 의해 건너뛰어졌습니다.,資料夾為空或被忽略規則跳過,Папка пуста или пропущена правилами игнорирования.,Folder jest pusty lub pominięty przez reguły ignorowania.,La carpeta está vacía o fue omitida por las reglas de omisión.,A pasta está vazia ou foi ignorada pelas regras de ignorar.,Der Ordner ist leer oder wurde durch Ignorierregeln übersprungen.,Klasör boş veya yok sayma kuralları tarafından atlandı.,La cartella è vuota o è stata ignorata dalle regole di esclusione.
MSG_FILES_EMPTY,All files are empty.,Tous les fichiers sont vides.,文件均为空,すべてのファイルが空です。,모든 파일이 비어 있습니다.,所有檔案均為空,Все файлы пусты.,Wszystkie pliki są puste.,Todos los archivos están vacíos.,Todos os arquivos estão vazios.,Alle Dateien sind leer.,Tüm dosyalar boş.,Tutti i file sono vuoti.
MSG_FOLDER_MERGED,Folder content merged and pasted,Contenu du dossier fusionné et collé,已粘贴合并的文件夹内容,フォルダの内容をマージして貼り付けました,폴더 내용이 병합되어 붙여넣어졌습니다,已貼上合併的文件夾內容,Содержимое папки объединено и вставлено,Zawartość folderu scalona i wklejona,Contenido de carpeta fusionado y pegado,Conteúdo da pasta mesclado e colado,Ordnerinhalt zusammengeführt und eingefügt,Klasör içeriği birleştirilip yapıştırıldı,Contenuto della cartella unito e incollato
MSG_IMAGE_PDF_FAIL,PDF creation failed,Échec de la création PDF,创建PDF失败,PDF作成に失敗しました,PDF 생성 실패,建立PDF失敗,Не удалось создать PDF,Tworzenie PDF nie powiodło się,Error al crear PDF,Falha na criação do PDF,PDF-Erstellung fehlgeschlagen,PDF oluşturma başarısız oldu,Creazione PDF fallita
MSG_IMAGE_PDF_SUCCESS,PDF created successfully,PDF créé avec succès,PDF 创建成功,PDFが正常に作成されました,PDF가 성공적으로 생성되었습니다,PDF 建立成功,PDF успешно создан,PDF utworzony pomyślnie,PDF creado correctamente,PDF criado com sucesso,PDF erfolgreich erstellt,PDF başarıyla oluşturuldu,PDF creato con successo
MSG_IMAGEMAGICK_ERROR,Please set ImageMagick magick.exe path in tray menu,Veuillez définir le chemin de magick.exe d'ImageMagick dans le menu de la barre d'état,请先在托盘菜单中设置 ImageMagick 的 magick.exe 路径,トレイメニューでImageMagickのmagick.exeのパスを設定してください,트레이 메뉴에서 ImageMagick magick.exe 경로를 설정하세요,請先在系統匣選單中設定 ImageMagick 的 magick.exe 路徑,Укажите путь к magick.exe ImageMagick в меню трея,Ustaw ścieżkę do magick.exe ImageMagick w menu zasobnika,Configure la ruta de magick.exe de ImageMagick en el menú de la bandeja,Defina o caminho do magick.exe do ImageMagick no menu da bandeja,Bitte legen Sie den Pfad zu magick.exe von ImageMagick im Taskleistenmenü fest,Lütfen tepsi menüsünde ImageMagick magick.exe yolunu ayarlayın,Imposta il percorso di magick.exe di ImageMagick nel menu della barra delle applicazioni
MSG_CLIPBOARD_EMPTY,"Clipboard is empty, please copy content first","Le presse-papiers est vide, veuillez d'abord copier du contenu",剪贴板为空，请先复制内容,クリップボードが空です。まず内容をコピーしてください,클립보드가 비어 있습니다. 먼저 내용을 복사하세요,剪貼簿為空，請先複製內容,"Буфер обмена пуст, скопируйте содержимое","Schowek jest pusty, skopiuj najpierw zawartość","El portapapeles está vacío, copie contenido primero","A área de transferência está vazia, copie o conteúdo primeiro","Zwischenablage ist leer, bitte zuerst Inhalt kopieren","Pano boş, lütfen önce içerik kopyalayın","Gli appunti sono vuoti, copia prima il contenuto"
MSG_PASTE_MODE_FILE,Paste Mode: File,Mode de collage : Fichier,粘贴模式: 文件,貼り付けモード：ファイル,붙여넣기 모드: 파일,貼上模式：檔案,Режим вставки: файл,Tryb wklejania: plik,Modo de pegado: archivo,Modo de colar: arquivo,Einfügemodus: Datei,Yapıştırma Modu: Dosya,Modalità incolla: file
MSG_PASTE_MODE_TEXT,Paste Mode: Text,Mode de collage : Texte,粘贴模式: 文本,貼り付けモード：テキスト,붙여넣기 모드: 텍스트,貼上模式：文字,Режим вставки: текст,Tryb wklejania: tekst,Modo de pegado: texto,Modo de colar: texto,Einfügemodus: Text,Yapıştırma Modu: Metin,Modalità incolla: testo
MSG_DELETE_MODE_DELAY,Delete Mode: Delete after delay,Mode de suppression : Supprimer après délai,删除模式: 延迟删除,削除モード：遅延削除,삭제 모드: 지연 후 삭제,刪除模式：延遲刪除,Режим удаления: удалить после задержки,Tryb usuwania: usuń po opóźnieniu,Modo de eliminación: eliminar tras retraso,Modo de exclusão: excluir após atraso,Löschmodus: Nach Verzögerung löschen,Silme Modu: Gecikmeden sonra sil,Modalità eliminazione: elimina dopo ritardo
MSG_DELETE_MODE_BATCH,Delete Mode: Batch cleanup,Mode de suppression : Nettoyage par lots,删除模式: 批量清理,削除モード：一括クリーンアップ,삭제 모드: 일괄 정리,刪除模式：批次清理,Режим удаления: пакетная очистка,Tryb usuwania: czyszczenie wsadowe,Modo de eliminación: limpieza por lotes,Modo de exclusão: limpeza em lote,Löschmodus: Stapelbereinigung,Silme Modu: Toplu temizlik,Modalità eliminazione: pulizia batch
MSG_DELETE_MODE_NEVER,Delete Mode: Never delete,Mode de suppression : Ne jamais supprimer,删除模式: 永不删除,削除モード：削除しない,삭제 모드: 삭제하지 않음,刪除模式：永不刪除,Режим удаления: никогда не удалять,Tryb usuwania: nigdy nie usuwaj,Modo de eliminación: nunca eliminar,Modo de exclusão: nunca excluir,Löschmodus: Nie löschen,Silme Modu: Asla silme,Modalità eliminazione: non eliminare mai
MSG_DELAY_SET,Delay set to {1} seconds,Délai défini sur {1} secondes,延迟设为 {1} 秒,遅延を {1} 秒に設定しました,지연 시간이 {1}초로 설정되었습니다,延遲設為 {1} 秒,Задержка установлена на {1} секунд,Opóźnienie ustawione na {1} sekund,Retraso establecido en {1} segundos,Atraso definido em {1} segundos,Verzögerung auf {1} Sekunden gesetzt,Gecikme {1} saniyeye ayarlandı,Ritardo impostato a {1} secondi
MSG_INTERVAL_SET,Cleanup interval set to {1} seconds,Intervalle de nettoyage défini sur {1} secondes,清理间隔设为 {1} 秒,クリーンアップ間隔を {1} 秒に設定しました,정리 간격이 {1}초로 설정되었습니다,清理間隔設為 {1} 秒,Интервал очистки установлен на {1} секунд,Interwał czyszczenia ustawiony na {1} sekund,Intervalo de limpieza establecido en {1} segundos,Intervalo de limpeza definido em {1} segundos,Bereinigungsintervall auf {1} Sekunden gesetzt,Temizlik aralığı {1} saniyeye ayarlandı,Intervallo pulizia impostato a {1} secondi
MSG_HISTORY_DISABLED,"History disabled, all records cleared","Historique désactivé, tous les enregistrements effacés",历史已禁用，所有记录已清除,履歴が無効化され、すべての記録が消去されました,기록이 비활성화되어 모든 기록이 삭제되었습니다,歷史已停用，所有記錄已清除,"История отключена, все записи очищены","Historia wyłączona, wszystkie rekordy wyczyszczone","Historial desactivado, todos los registros borrados","Histórico desativado, todos os registros apagados","Verlauf deaktiviert, alle Einträge gelöscht","Geçmiş devre dışı bırakıldı, tüm kayıtlar temizlendi","Cronologia disabilitata, tutti i record cancellati"
MSG_HISTORY_LIMIT_SET,Max history set to {1},Historique max défini sur {1},最大历史已设为 {1},最大履歴数を {1} に設定しました,최대 기록이 {1}로 설정되었습니다,最大歷史已設為 {1},Макс. история установлена на {1},Maks. historia ustawiona na {1},Historial máx. establecido en {1},Histórico máx. definido em {1},Max. Verlauf auf {1} gesetzt,Maks. geçmiş {1} olarak ayarlandı,Cronologia max impostata a {1}
MSG_IGNORE_UPDATED,Ignore rules updated,Règles d'ignorance mises à jour,忽略规则已更新,無視ルールが更新されました,무시 규칙이 업데이트되었습니다,忽略規則已更新,Правила игнорирования обновлены,Zasady ignorowania zaktualizowane,Reglas de ignorado actualizadas,Regras de ignorar atualizadas,Ignorierregeln aktualisiert,Yoksayma kuralları güncellendi,Regole di ignoramento aggiornate
MSG_IMAGEMAGICK_SET,ImageMagick path set,Chemin d'ImageMagick défini,ImageMagick 路径已设置,ImageMagickのパスが設定されました,ImageMagick 경로가 설정되었습니다,ImageMagick 路徑已設定,Путь ImageMagick установлен,Ścieżka ImageMagick ustawiona,Ruta de ImageMagick establecida,Caminho do ImageMagick definido,ImageMagick-Pfad gesetzt,ImageMagick yolu ayarlandı,Percorso ImageMagick impostato
MSG_AUTOSTART_ON,Auto start enabled,Démarrage auto activé,开机自启已开启,自動起動が有効になりました,자동 시작이 활성화되었습니다,開機自啟已開啟,Автозапуск включён,Autostart włączony,Inicio automático activado,Inicialização automática ativada,Autostart aktiviert,Otomatik başlatma etkinleştirildi,Avvio automatico abilitato
MSG_AUTOSTART_OFF,Auto start disabled,Démarrage auto désactivé,开机自启已关闭,自動起動が無効になりました,자동 시작이 비활성화되었습니다,開機自啟已關閉,Автозапуск отключён,Autostart wyłączony,Inicio automático desactivado,Inicialização automática desativada,Autostart deaktiviert,Otomatik başlatma devre dışı bırakıldı,Avvio automatico disabilitato
MSG_NO_TEXT,"No text, please copy first","Aucun texte, veuillez d'abord copier",没有文本，请先复制,テキストがありません。まずコピーしてください,텍스트가 없습니다. 먼저 복사하세요,沒有文字，請先複製,"Нет текста, скопируйте сначала","Brak tekstu, skopiuj najpierw","Sin texto, copie primero","Sem texto, copie primeiro","Kein Text, bitte zuerst kopieren","Metin yok, lütfen önce kopyalayın","Nessun testo, copia prima"
MSG_NO_ENGLISH_LETTERS,No English letters found,Aucune lettre anglaise trouvée,没有英文字母,英字が見つかりません,영어 문자가 없습니다,沒有英文字母,Английских букв не найдено,Nie znaleziono liter angielskich,No se encontraron letras inglesas,Nenhuma letra inglesa encontrada,Keine englischen Buchstaben gefunden,İngilizce harf bulunamadı,Nessuna lettera inglese trovata
MSG_IM_SELECT_ERROR,Please select magick.exe,Veuillez sélectionner magick.exe,请选择 magick.exe,magick.exe を選択してください,magick.exe를 선택하세요,請選擇 magick.exe,Выберите magick.exe,Wybierz magick.exe,Seleccione magick.exe,Selecione magick.exe,Bitte magick.exe auswählen,Lütfen magick.exe seçin,Seleziona magick.exe
MSG_IM_FILE_NOT_EXIST,File does not exist,Le fichier n'existe pas,文件不存在,ファイルが存在しません,파일이 존재하지 않습니다,文件不存在,Файл не существует,Plik nie istnieje,El archivo no existe,O arquivo não existe,Datei existiert nicht,Dosya mevcut değil,Il file non esiste
MSG_IM_SAVE_FAIL,Failed to save path,Échec de l'enregistrement du chemin,保存路径失败,パスの保存に失敗しました,경로 저장에 실패했습니다,保存路徑失敗,Не удалось сохранить путь,Nie udało się zapisać ścieżki,Error al guardar la ruta,Falha ao salvar o caminho,Pfad speichern fehlgeschlagen,Yol kaydetme başarısız oldu,Salvataggio percorso fallito
MSG_IM_SET_SUCCESS,ImageMagick path set`n{1},Chemin d'ImageMagick défini`n{1},ImageMagick 路径已设置`n{1},ImageMagickのパスが設定されました`n{1},ImageMagick 경로가 설정되었습니다`n{1},ImageMagick 路徑已設定`n{1},Путь ImageMagick установлен`n{1},Ścieżka ImageMagick ustawiona`n{1},Ruta de ImageMagick establecida`n{1},Caminho do ImageMagick definido`n{1},ImageMagick-Pfad gesetzt`n{1},ImageMagick yolu ayarlandı`n{1},Percorso ImageMagick impostato`n{1}
MSG_LANG_CHANGED,Language switched: {1},Langue changée : {1},语言已切换: {1},言語を変更しました: {1},언어가 변경되었습니다: {1},語言已切換: {1},Язык изменён: {1},Zmieniono język: {1},Idioma cambiado: {1},Idioma alterado: {1},Sprache geändert: {1},Dil değiştirildi: {1},Lingua cambiata: {1}
MSG_PASTE_FILE_TYPE,Pasted {1} file,Fichier {1} collé,已粘贴 {1} 文件,{1} ファイルを貼り付けました,{1} 파일을 붙여넣었습니다,已貼上 {1} 檔案,Вставлен файл {1},Wklejono plik {1},Archivo {1} pegado,Arquivo {1} colado,{1} Datei eingefügt,{1} dosyası yapıştırıldı,File {1} incollato
MSG_PASTE_MULTI_COMPLETE,Paste complete ({1} items),Collage terminé ({1} éléments),粘贴完成 ({1} 条),貼り付け完了 ({1} 件),붙여넣기 완료 ({1} 개 항목),貼上完成 ({1} 條),Вставка завершена ({1} элементов),Wklejanie zakończone ({1} elementów),Pegado completado ({1} elementos),Colagem concluída ({1} itens),Einfügen abgeschlossen ({1} Elemente),Yapıştırma tamamlandı ({1} öğe),Incollaggio completato ({1} elementi)
MSG_PDF_CREATE_FAIL,PDF creation failed,Échec de la création du PDF,创建PDF失败,PDF の作成に失敗しました,PDF 생성 실패,建立PDF失敗,Ошибка создания PDF,Tworzenie PDF nie powiodło się,Error al crear el PDF,Falha ao criar o PDF,PDF-Erstellung fehlgeschlagen,PDF oluşturma başarısız oldu,Creazione PDF non riuscita
MSG_PDF_CREATE_SUCCESS,PDF created successfully,PDF créé avec succès,PDF 创建成功,PDF の作成に成功しました,PDF 생성 성공,PDF 建立成功,PDF успешно создан,PDF utworzono pomyślnie,PDF creado correctamente,PDF criado com sucesso,PDF erfolgreich erstellt,PDF başarıyla oluşturuldu,PDF creato con successo
MSG_PDF_IM_ERROR,PDF creation failed (ImageMagick error),Échec de la création du PDF (erreur ImageMagick),PDF 创建失败（ImageMagick 执行错误）,PDF の作成に失敗しました（ImageMagick エラー）,PDF 생성 실패(ImageMagick 오류),PDF 建立失敗（ImageMagick 執行錯誤）,Ошибка создания PDF (ошибка ImageMagick),Tworzenie PDF nie powiodło się (błąd ImageMagick),Error al crear el PDF (error de ImageMagick),Falha ao criar o PDF (erro do ImageMagick),PDF-Erstellung fehlgeschlagen (ImageMagick-Fehler),PDF oluşturma başarısız oldu (ImageMagick hatası),Creazione PDF non riuscita (errore ImageMagick)
MSG_PDF_IM_EXCEPTION,PDF creation failed: {1},Échec de la création du PDF : {1},PDF 创建失败: {1},PDF の作成に失敗しました: {1},PDF 생성 실패: {1},PDF 建立失敗: {1},Ошибка создания PDF: {1},Tworzenie PDF nie powiodło się: {1},Error al crear el PDF: {1},Falha ao criar o PDF: {1},PDF-Erstellung fehlgeschlagen: {1},PDF oluşturma başarısız oldu: {1},Creazione PDF non riuscita: {1}
MSG_NO_IMAGE_FILES,No valid image files in clipboard,Aucun fichier image valide dans le presse-papiers,剪贴板中没有有效的图片文件,クリップボードに有効な画像ファイルがありません,클립보드에 유효한 이미지 파일이 없습니다,剪貼簿中沒有有效的圖片檔案,В буфере обмена нет допустимых изображений,Brak prawidłowych plików graficznych w schowku,No hay archivos de imagen válidos en el portapapeles,Nenhum arquivo de imagem válido na área de transferência,Keine gültigen Bilddateien in der Zwischenablage,Panoda geçerli görüntü dosyası yok,Nessun file immagine valido negli appunti
MSG_COMBINE_FOLDER,Folder content merged and pasted,Contenu du dossier fusionné et collé,已粘贴合并的文件夹内容,フォルダの内容を結合して貼り付けました,폴더 내용을 병합하여 붙여넣었습니다,已貼上合併的資料夾內容,Содержимое папки объединено и вставлено,Zawartość folderu połączona i wklejona,Contenido de la carpeta combinado y pegado,Conteúdo da pasta mesclado e colado,Ordnerinhalt zusammengeführt und eingefügt,Klasör içeriği birleştirilip yapıştırıldı,Contenuto della cartella unito e incollato
MSG_PASTE_IMAGE_PATHS,Paste image paths ({1} files),Coller les chemins d'images ({1} fichiers),粘贴图片路径 ({1} 个文件),画像パスを貼り付け ({1} ファイル),이미지 경로 붙여넣기 ({1} 개 파일),貼上圖片路徑 ({1} 個檔案),Вставить пути изображений ({1} файлов),Wklej ścieżki obrazów ({1} plików),Pegar rutas de imágenes ({1} archivos),Colar caminhos de imagens ({1} arquivos),Bildpfade einfügen ({1} Dateien),Resim yollarını yapıştır ({1} dosya),Incolla percorsi immagini ({1} file)
MSG_PASTE_MIXED,"Paste mixed paths ({1} files, {2} folders)","Coller le contenu de chemins mixtes ({1} fichiers, {2} dossiers)","粘贴混合路径内容 ({1} 文件, {2} 文件夹)",混合パスの内容を貼り付け ({1} ファイル、{2} フォルダ),"혼합 경로 내용 붙여넣기 ({1} 파일, {2} 폴더)","貼上混合路徑內容 ({1} 檔案, {2} 資料夾)","Вставить содержимое смешанных путей ({1} файлов, {2} папок)","Wklej zawartość ścieżek mieszanych ({1} plików, {2} folderów)","Pegar contenido de rutas mixtas ({1} archivos, {2} carpetas)","Colar conteúdo de caminhos mistos ({1} arquivos, {2} pastas)","Inhalt gemischter Pfade einfügen ({1} Dateien, {2} Ordner)","Karışık yol içeriğini yapıştır ({1} dosya, {2} klasör)","Incolla contenuto percorsi misti ({1} file, {2} cartelle)"
MSG_PASTE_FOLDERS,Paste {1} folders content,Coller le contenu de {1} dossiers,粘贴 {1} 个文件夹内容,{1} 個のフォルダーの内容を貼り付け,{1}개 폴더 내용 붙여넣기,貼上 {1} 個資料夾內容,Вставить содержимое {1} папок,Wklej zawartość {1} folderów,Pegar contenido de {1} carpetas,Colar conteúdo de {1} pastas,Inhalt von {1} Ordnern einfügen,{1} klasör içeriğini yapıştır,Incolla contenuto di {1} cartelle
MSG_PASTE_FILES,Paste {1} files content,Coller le contenu de {1} fichiers,粘贴 {1} 个文件内容,{1} 個のファイルの内容を貼り付け,{1}개 파일 내용 붙여넣기,貼上 {1} 個檔案內容,Вставить содержимое {1} файлов,Wklej zawartość {1} plików,Pegar contenido de {1} archivos,Colar conteúdo de {1} arquivos,Inhalt von {1} Dateien einfügen,{1} dosya içeriğini yapıştır,Incolla contenuto di {1} file
MSG_SUCCESS,Success,Succès,成功,成功,성공,成功,Успех,Sukces,Éxito,Sucesso,Erfolg,Başarılı,Successo
MSG_ERROR,Error,Erreur,错误,エラー,오류,錯誤,Ошибка,Błąd,Error,Erro,Fehler,Hata,Errore
MSG_INFO,Info,Info,提示,情報,정보,提示,Информация,Informacja,Info,Info,Info,Bilgi,Informazioni
MSG_LANG_CSV_NOT_FOUND,lang.csv not found on {1},lang.csv introuvable sur {1},未在 {1} 找到 lang.csv,{1} に lang.csv が見つかりません,{1}에서 lang.csv를 찾을 수 없습니다,未在 {1} 找到 lang.csv,lang.csv не найден в {1},lang.csv nie znaleziono w {1},lang.csv no encontrado en {1},lang.csv não encontrado em {1},lang.csv nicht gefunden auf {1},{1} konumunda lang.csv bulunamadı,lang.csv non trovato in {1}
MSG_LANG_REBUILT,Language cache rebuilt successfully! ({1} languages),Cache linguistique reconstruit avec succès ! ({1} langues),语言缓存重建成功！（共{1}种语言）,言語キャッシュの再構築に成功しました！（{1}言語）,언어 캐시 재구성 성공! ({1}개 언어),語言快取重建成功！（共{1}種語言）,Языковой кеш успешно перестроен! ({1} языков),Pamięć podręczna języka została pomyślnie przebudowana! ({1} języków),¡Caché de idiomas reconstruido con éxito! ({1} idiomas),Cache de idiomas reconstruído com sucesso! ({1} idiomas),Sprachcache erfolgreich neu aufgebaut! ({1} Sprachen),Dil önbelleği başarıyla yeniden oluşturuldu! ({1} dil),Cache della lingua ricostruito con successo! ({1} lingue)
MSG_LANG_REBUILD_FAIL,Failed to rebuild language cache,Échec de la reconstruction du cache de langue,语言缓存重建失败,言語キャッシュの再構築に失敗しました,언어 캐시 재구축 실패,語言緩存重建失敗,Не удалось перестроить языковой кэш,Nie udało się odbudować pamięci podręcznej języka,Error al reconstruir la caché de idioma,Falha ao reconstruir o cache de idioma,Sprachcache konnte nicht neu aufgebaut werden,Dil önbelleği yeniden oluşturulamadı,Ricostruzione della cache della lingua non riuscita
MSG_PROCESSING_TITLE,Processing...,Traitement en cours...,正在处理中...,処理中...,처리 중...,處理中...,Обработка...,Przetwarzanie...,Procesando...,Processando...,Wird verarbeitet...,İşleniyor...,Elaborazione in corso...
MSG_PROCESSING_SUBTITLE,"Converting image to PDF, please do not switch windows…","Conversion de l'image en PDF, veuillez ne pas changer de fenêtre…",正在转换图片为 PDF，请勿切换窗口…,画像をPDFに変換中です。ウィンドウを切り替えないでください…,이미지를 PDF로 변환 중입니다. 창을 전환하지 마세요…,正在轉換圖片為 PDF，請勿切換視窗…,"Преобразование изображения в PDF, пожалуйста, не переключайте окно…","Konwersja obrazu do PDF, proszę nie przełączać okna…","Convirtiendo imagen a PDF, por favor no cambie de ventana…","Convertendo imagem para PDF, por favor não altere a janela…","Konvertiere Bild in PDF, bitte Fenster nicht wechseln…","Görüntü PDF'ye dönüştürülüyor, lütfen pencereyi değiştirmeyin…","Conversione dell'immagine in PDF, non cambiare finestra…"
MSG_PROCESSING_WAIT,... Please wait ...,... Veuillez patienter ...,…… 请稍候 ……,…… お待ちください ……,…… 잠시만 기다려 주세요 ……,…… 請稍候 ……,"…… Пожалуйста, подождите ……",…… Proszę czekać ……,"…… Por favor, espere ……","…… Por favor, aguarde ……",…… Bitte warten Sie ……,…… Lütfen bekleyin ……,…… Attendere prego ……
MSG_PANDOC_NOT_FOUND,Pandoc executable not found. Please set path in settings.,Exécutable Pandoc introuvable. Veuillez définir le chemin dans les paramètres.,未找到 Pandoc 可执行文件，请在设置中指定路径。,Pandoc実行可能ファイルが見つかりません。設定でパスを設定してください。,Pandoc 실행 파일을 찾을 수 없습니다. 설정에서 경로를 지정하세요.,找不到 Pandoc 可執行檔案，請在設定中指定路徑。,Исполняемый файл Pandoc не найден. Укажите путь в настройках.,Nie znaleziono pliku wykonywalnego Pandoc. Ustaw ścieżkę w ustawieniach.,No se encontró el ejecutable de Pandoc. Configure la ruta en la configuración.,Executável do Pandoc não encontrado. Defina o caminho nas configurações.,Pandoc-Ausführbare Datei nicht gefunden. Bitte Pfad in den Einstellungen festlegen.,Pandoc çalıştırılabilir dosyası bulunamadı. Lütfen ayarlarda yolu belirtin.,Eseguibile Pandoc non trovato. Imposta il percorso nelle impostazioni.
MSG_PANDOC_UNSUPPORTED_INPUT,Unsupported input format: {1},Format d'entrée non pris en charge : {1},不支持的输入格式：{1},サポートされていない入力形式：{1},지원되지 않는 입력 형식: {1},不支援的輸入格式：{1},Неподдерживаемый формат ввода: {1},Nieobsługiwany format wejściowy: {1},Formato de entrada no compatible: {1},Formato de entrada não suportado: {1},Nicht unterstütztes Eingabeformat: {1},Desteklenmeyen giriş biçimi: {1},Formato di input non supportato: {1}
MSG_PANDOC_SUCCESS,Converted {1} file(s).,{1} fichier(s) converti(s).,已转换 {1} 个文件。,{1}個のファイルを変換しました。,{1}개의 파일을 변환했습니다.,已轉換 {1} 個檔案。,Преобразовано {1} файл(ов).,Przekonwertowano {1} plik(i).,Se convirtieron {1} archivo(s).,{1} arquivo(s) convertido(s).,{1} Datei(en) konvertiert.,{1} dosya dönüştürüldü.,{1} file convertiti.
MSG_PANDOC_FAILED,Conversion failed: {1},Échec de la conversion : {1},转换失败：{1},変換に失敗しました：{1},변환 실패: {1},轉換失敗：{1},Ошибка преобразования: {1},Konwersja nie powiodła się: {1},Error en la conversión: {1},Falha na conversão: {1},Konvertierung fehlgeschlagen: {1},Dönüştürme başarısız: {1},Conversione fallita: {1}
MSG_PANDOC_NO_OUTPUT,No files were converted successfully.,Aucun fichier n'a été converti avec succès.,没有文件成功转换。,正常に変換されたファイルはありません。,성공적으로 변환된 파일이 없습니다.,沒有檔案成功轉換。,Файлы не были успешно преобразованы.,Żaden plik nie został pomyślnie przekonwertowany.,No se convirtió ningún archivo con éxito.,Nenhum arquivo foi convertido com sucesso.,Keine Dateien wurden erfolgreich konvertiert.,Hiçbir dosya başarıyla dönüştürülmedi.,Nessun file è stato convertito con successo.
MSG_PANDOC_INVALID_OUTPUT,Invalid output format: {1},Format de sortie invalide : {1},无效的输出格式：{1},無効な出力形式：{1},잘못된 출력 형식: {1},無效的輸出格式：{1},Недопустимый формат вывода: {1},Nieprawidłowy format wyjściowy: {1},Formato de salida no válido: {1},Formato de saída inválido: {1},Ungültiges Ausgabeformat: {1},Geçersiz çıktı biçimi: {1},Formato di output non valido: {1}
MSG_PANDOC_PATH_SET,Pandoc path set`n{1},Chemin de Pandoc défini`n{1},Pandoc 路径已设置`n{1},Pandocのパスを設定しました`n{1},Pandoc 경로가 설정되었습니다`n{1},Pandoc 路徑已設定`n{1},Путь к Pandoc установлен`n{1},Ścieżka Pandoc ustawiona`n{1},Ruta de Pandoc establecida`n{1},Caminho do Pandoc definido`n{1},Pandoc-Pfad gesetzt`n{1},Pandoc yolu ayarlandı`n{1},Percorso di Pandoc impostato`n{1}
MSG_PANDOC_OUTPUT_SET,Output format set to: {1},Format de sortie défini sur : {1},输出格式设置为：{1},出力形式を設定しました：{1},출력 형식이 설정되었습니다: {1},輸出格式設定為：{1},Формат вывода установлен: {1},Format wyjściowy ustawiony na: {1},Formato de salida establecido en: {1},Formato de saída definido como: {1},Ausgabeformat festgelegt auf: {1},Çıktı biçimi şu şekilde ayarlandı: {1},Formato di output impostato su: {1}
MSG_PANDOC_SELECT_ERROR,Please select pandoc.exe.,Veuillez sélectionner pandoc.exe.,请选择 pandoc.exe。,pandoc.exeを選択してください。,pandoc.exe를 선택하세요.,請選擇 pandoc.exe。,"Пожалуйста, выберите pandoc.exe.",Wybierz pandoc.exe.,Seleccione pandoc.exe.,Selecione pandoc.exe.,Bitte wählen Sie pandoc.exe.,Lütfen pandoc.exe'yi seçin.,Seleziona pandoc.exe.
MSG_PANDOC_FILE_NOT_EXIST,File does not exist.,Le fichier n'existe pas.,文件不存在。,ファイルが存在しません。,파일이 존재하지 않습니다.,檔案不存在。,Файл не существует.,Plik nie istnieje.,El archivo no existe.,O arquivo não existe.,Datei existiert nicht.,Dosya mevcut değil.,Il file non esiste.
MSG_PANDOC_PROGRESS_TITLE,Converting files...,Conversion des fichiers en cours...,文件转换中...,ファイル変換中...,파일 변환 중...,檔案轉換中...,Преобразование файлов...,Konwertowanie plików...,Convirtiendo archivos...,Convertendo arquivos...,Konvertiere Dateien...,Dosyalar dönüştürülüyor...,Conversione file in corso...
MSG_PANDOC_PROGRESS_SUBTITLE,Please wait...,Veuillez patienter...,请稍候...,お待ちください...,잠시만 기다려주세요...,請稍候...,Подождите...,Proszę czekać...,"Por favor, espere...",Aguarde...,Bitte warten Sie...,Lütfen bekleyin...,Attendere prego...
MSG_PANDOC_PROGRESS,Converting {1}/{2}: {3},Conversion {1}/{2} : {3},正在转换 {1}/{2}: {3},変換中 {1}/{2}: {3},변환 중 {1}/{2}: {3},正在轉換 {1}/{2}: {3},Преобразование {1}/{2}: {3},Konwertowanie {1}/{2}: {3},Convirtiendo {1}/{2}: {3},Convertendo {1}/{2}: {3},Konvertiere {1}/{2}: {3},{1}/{2} dönüştürülüyor: {3},Conversione {1}/{2}: {3}
MSG_PANDOC_SKIPPED_FILES,"Skipped unsupported files:
{1}","Fichiers non pris en charge ignorés :
{1}","跳过了不支持的文件：
{1}","サポートされていないファイルをスキップしました：
{1}","지원되지 않는 파일을 건너뛰었습니다：
{1}","跳過了不支援的檔案：
{1}","Пропущены неподдерживаемые файлы：
{1}","Pominięto nieobsługiwane pliki：
{1}","Archivos no compatibles omitidos：
{1}","Arquivos não suportados ignorados：
{1}","Nicht unterstützte Dateien übersprungen：
{1}","Desteklenmeyen dosyalar atlandı：
{1}","File non supportati saltati：
{1}"
INPUT_MAX_HISTORY_TITLE,Max History,Nombre max d'historique,历史上限,履歴上限,최대 기록 수,歷史上限,Макс. история,Maks. historia,Máx. historial,Máx. histórico,Max. Verlauf,Maks. Geçmiş,Cronologia max
INPUT_MAX_HISTORY_PROMPT,Enter max history count (0=disable):,Entrez le nombre max d'historique (0=désactiver) :,输入最大历史数量 (0=禁用):,最大履歴数を入力してください (0=無効):,최대 기록 수 입력 (0=비활성화):,輸入最大歷史數量 (0=禁用):,Введите макс. количество записей (0=откл.):,Wprowadź maks. liczbę historii (0=wyłącz):,Introduzca el máx. de historial (0=desactivar):,Digite o máx. de histórico (0=desativar):,Max. Verlauf eingeben (0=deaktivieren):,Maks. geçmiş sayısını girin (0=devre dışı):,Inserisci cronologia max (0=disabilita):
INPUT_DELAY_TITLE,Delete Delay,Délai de suppression,延迟删除,削除遅延,삭제 지연,延遲刪除,Задержка удаления,Opóźnienie usuwania,Retraso de eliminación,Atraso de exclusão,Löschverzögerung,Silme Gecikmesi,Ritardo eliminazione
INPUT_DELAY_PROMPT,Enter delay in seconds:,Entrez le délai en secondes :,输入延迟秒数:,遅延秒数を入力してください:,지연 시간(초) 입력:,輸入延遲秒數:,Введите задержку в секундах:,Wprowadź opóźnienie w sekundach:,Introduzca el retraso en segundos:,Digite o atraso em segundos:,Verzögerung in Sekunden eingeben:,Gecikmeyi saniye olarak girin:,Inserisci ritardo in secondi:
INPUT_INTERVAL_TITLE,Batch Cleanup,Nettoyage par lots,批量清理,一括クリーンアップ,일괄 정리,批量清理,Пакетная очистка,Czyszczenie wsadowe,Limpieza por lotes,Limpeza em lote,Stapelbereinigung,Toplu Temizlik,Pulizia batch
INPUT_INTERVAL_PROMPT,Enter cleanup interval in seconds:,Entrez l'intervalle de nettoyage en secondes :,输入清理间隔秒数:,クリーンアップ間隔(秒)を入力してください:,정리 간격(초) 입력:,輸入清理間隔秒數:,Введите интервал очистки в секундах:,Wprowadź interwał czyszczenia w sekundach:,Introduzca el intervalo de limpieza en segundos:,Digite o intervalo de limpeza em segundos:,Bereinigungsintervall in Sekunden eingeben:,Temizleme aralığını saniye olarak girin:,Inserisci intervallo pulizia in secondi:
INPUT_PANDOC_PATH_TITLE,Select Pandoc executable,Sélectionner l'exécutable Pandoc,选择 Pandoc 可执行文件,Pandoc実行可能ファイルを選択,Pandoc 실행 파일 선택,選擇 Pandoc 可執行檔案,Выберите исполняемый файл Pandoc,Wybierz plik wykonywalny Pandoc,Seleccionar ejecutable de Pandoc,Selecionar executável do Pandoc,Pandoc-Ausführbare Datei auswählen,Pandoc çalıştırılabilir dosyasını seçin,Seleziona l'eseguibile Pandoc
INPUT_PANDOC_PATH_FILTER,Pandoc.exe,Pandoc.exe,Pandoc.exe,Pandoc.exe,Pandoc.exe,Pandoc.exe,Pandoc.exe,Pandoc.exe,Pandoc.exe,Pandoc.exe,Pandoc.exe,Pandoc.exe,Pandoc.exe
INPUT_PANDOC_OUTPUT_TITLE,Set Pandoc Output Format,Définir le format de sortie Pandoc,设置 Pandoc 输出格式,Pandoc出力形式を設定,Pandoc 출력 형식 설정,設定 Pandoc 輸出格式,Установить формат вывода Pandoc,Ustaw format wyjściowy Pandoc,Establecer formato de salida de Pandoc,Definir formato de saída do Pandoc,Pandoc-Ausgabeformat festlegen,Pandoc çıktı biçimini ayarla,Imposta formato di output Pandoc
INPUT_PANDOC_OUTPUT_PROMPT,"Enter output format (e.g., docx, html, markdown):","Entrez le format de sortie (ex. docx, html, markdown) :","输入输出格式（例如 docx, html, markdown）：","出力形式を入力してください（例：docx, html, markdown）：","출력 형식을 입력하세요 (예: docx, html, markdown):","輸入輸出格式（例如 docx, html, markdown）：","Введите формат вывода (например, docx, html, markdown):","Wprowadź format wyjściowy (np. docx, html, markdown):","Introduzca el formato de salida (p. ej., docx, html, markdown):","Insira o formato de saída (ex.: docx, html, markdown):","Geben Sie das Ausgabeformat ein (z.B. docx, html, markdown):","Çıktı biçimini girin (ör. docx, html, markdown):","Inserisci il formato di output (es. docx, html, markdown):"
CONFIRM_DISABLE_HISTORY,Disabling history will clear all {1} records. Continue?,La désactivation de l'historique effacera {1} enregistrements. Continuer ?,禁用历史将清除所有 {1} 条记录，继续吗？,履歴を無効にすると {1} 件の記録が削除されます。続行しますか？,기록을 비활성화하면 {1}개의 기록이 삭제됩니다. 계속하시겠습니까?,禁用歷史將清除所有 {1} 條記錄，繼續嗎？,Отключение истории удалит {1} записей. Продолжить?,Wyłączenie historii wyczyści {1} rekordów. Kontynuować?,Desactivar el historial borrará {1} registros. ¿Continuar?,Desativar o histórico limpará {1} registros. Continuar?,Das Deaktivieren des Verlaufs löscht {1} Einträge. Fortfahren?,Geçmişi devre dışı bırakmak {1} kaydı siler. Devam edilsin mi?,Disabilitare la cronologia cancellerà {1} record. Continuare?
CONFIRM_TRIM_HISTORY,"Current history has {1} items, setting limit to {2} will remove {3} old records. Continue?","L'historique actuel contient {1} éléments, définir la limite à {2} supprimera {3} anciens enregistrements. Continuer ?",当前历史有 {1} 条，设置上限 {2} 将删除 {3} 条旧记录。继续？,現在の履歴は {1} 件あります。上限を {2} に設定すると {3} 件の古い記録が削除されます。続行しますか？,"현재 기록은 {1}개이며, 제한을 {2}(으)로 설정하면 {3}개의 오래된 기록이 삭제됩니다. 계속하시겠습니까?",當前歷史有 {1} 條，設置上限 {2} 將刪除 {3} 條舊記錄。繼續？,"Текущая история содержит {1} записей, установка лимита {2} удалит {3} старых записей. Продолжить?","Bieżąca historia ma {1} pozycji, ustawienie limitu na {2} usunie {3} stare rekordy. Kontynuować?","El historial actual tiene {1} elementos, establecer el límite en {2} eliminará {3} registros antiguos. ¿Continuar?","O histórico atual tem {1} itens, definir o limite em {2} removerá {3} registros antigos. Continuar?","Aktueller Verlauf: {1} Einträge, Limit {2} entfernt {3} alte Einträge. Fortfahren?","Mevcut geçmişte {1} öğe var, limit {2} olarak ayarlanırsa {3} eski kayıt silinecek. Devam edilsin mi?","La cronologia attuale ha {1} elementi, impostare il limite a {2} rimuoverà {3} record vecchi. Continuare?"
UI_ALWAYS_TOP,Always Top,Toujours au premier plan,置顶,常に最前面,항상 위에 표시,置頂,Поверх всех окон,Zawsze na wierzchu,Siempre encima,Sempre no topo,Immer im Vordergrund,Her Zaman Üstte,Sempre in primo piano
UI_UNPINNED,Unpinned,Désépinglé,取消置顶,ピン留め解除,고정 해제,取消置頂,Откреплено,Odepnij,Desanclado,Desafixado,Losgelöst,Sabitleme Kaldırıldı,Sbloccato
HISTORY_MENU_NO_HISTORY,No manual copy history,No manual copy history,没有手动复制历史,No manual copy history,No manual copy history,No manual copy history,No manual copy history,No manual copy history,No manual copy history,No manual copy history,No manual copy history,No manual copy history,No manual copy history
HISTORY_MENU_VIEW_FULL,View full history ({1} items)...,Voir l'historique complet ({1} éléments)...,查看完整历史 ({1} 项)...,履歴をすべて表示 ({1} 件)...,전체 기록 보기 ({1} 개 항목)...,查看完整歷史 ({1} 項)...,Просмотреть всю историю ({1} элементов)...,Zobacz pełną historię ({1} elementów)...,Ver historial completo ({1} elementos)...,Ver histórico completo ({1} itens)...,Vollständigen Verlauf anzeigen ({1} Elemente)...,Tüm geçmişi görüntüle ({1} öge)...,Visualizza cronologia completa ({1} elementi)...
CONTEXT_PASTE_FILE,Paste as File,Coller comme fichier,粘贴为文件,ファイルとして貼り付け,파일로 붙여넣기,貼上為檔案,Вставить как файл,Wklej jako plik,Pegar como archivo,Colar como arquivo,Als Datei einfügen,Dosya Olarak Yapıştır,Incolla come file
CONTEXT_PREVIEW,Preview,Aperçu,预览,プレビュー,미리보기,預覽,Предпросмотр,Podgląd,Vista previa,Pré-visualização,Vorschau,Önizleme,Anteprima
CONTEXT_DELETE,Delete,Supprimer,删除,削除,삭제,刪除,Удалить,Usuń,Eliminar,Eliminar,Löschen,Sil,Elimina
GUI_PREVIEW_COPY,Copy,Copier,复制,コピー,복사,複製,Копировать,Kopiuj,Copiar,Copiar,Kopieren,Kopyala,Copia
GUI_PREVIEW_STATS,{1} lines  •  {2} characters,{1} lignes  •  {2} caractères,{1} 行  •  {2} 个字符,{1} 行  •  {2} 文字,{1}줄  •  {2}자,{1} 行  •  {2} 個字元,{1} строк  •  {2} символов,{1} linii  •  {2} znaków,{1} líneas  •  {2} caracteres,{1} linhas  •  {2} caracteres,{1} Zeilen  •  {2} Zeichen,{1} satır  •  {2} karakter,{1} righe  •  {2} caratteri
CONTEXT_COPY,Copy,Copier,复制,コピー,복사,複製,Копировать,Kopiuj,Copiar,Copiar,Kopieren,Kopyala,Copia
MSG_COPIED,Copied!,Copié !,已复制,コピーしました,복사됨,已複製,Скопировано!,Skopiowano!,¡Copiado!,Copiado!,Kopiert!,Kopyalandı!,Copiato!
MSG_TEMP_OPENED,Temp folder opened ({1} temp file(s)),Dossier temporaire ouvert ({1} fichier(s)),已打开临时文件夹（{1} 个临时文件）,一時フォルダを開きました（{1} 個の一時ファイル）,임시 폴더 열림 ({1}개 임시 파일),已開啟臨時文件夾（{1} 個臨時檔案）,Временная папка открыта ({1} файл(ов)),Folder tymczasowy otwarty ({1} plik(i)),Carpeta temporal abierta ({1} archivo(s)),Pasta temporária aberta ({1} arquivo(s)),Temporärer Ordner geöffnet ({1} Datei(en)),Geçici klasör açıldı ({1} dosya),Cartella temporanea aperta ({1} file)
MSG_TEMP_EMPTY,Temp folder is empty,Le dossier temporaire est vide,临时文件夹为空,一時フォルダは空です,임시 폴더가 비어 있습니다,臨時文件夾是空的,Временная папка пуста,Folder tymczasowy jest pusty,La carpeta temporal está vacía,A pasta temporária está vazia,Temporärer Ordner ist leer,Geçici klasör boş,La cartella temporanea è vuota
MSG_TEMP_OPEN_FAIL,Could not open the temp folder,Impossible d'ouvrir le dossier temporaire,无法打开临时文件夹,一時フォルダを開けませんでした,임시 폴더를 열 수 없습니다,無法開啟臨時文件夾,Не удалось открыть временную папку,Nie można otworzyć folderu tymczasowego,No se pudo abrir la carpeta temporal,Não foi possível abrir a pasta temporária,Temporärer Ordner konnte nicht geöffnet werden,Geçici klasör açılamadı,Impossibile aprire la cartella temporanea
MSG_PASTE_FALLBACK_TEXT,Target accepts text only — pasted as text,La cible n'accepte que du texte — collé comme texte,目标仅接受文本 — 已按文本粘贴,テキストのみ受け付けるため、テキストとして貼り付けました,대상은 텍스트만 받습니다 — 텍스트로 붙여넣었습니다,目標僅接受文字 — 已按文字貼上,Цель принимает только текст — вставлено как текст,Cel przyjmuje tylko tekst — wklejono jako tekst,El destino solo acepta texto — pegado como texto,O destino aceita apenas texto — colado como texto,Ziel akzeptiert nur Text — als Text eingefügt,Hedef yalnızca metin kabul ediyor — metin olarak yapıştırıldı,La destinazione accetta solo testo — incollato come testo
MSG_PASTE_AS_FILE,Pasted as temp file (.txt),Collé comme fichier temporaire (.txt),已作为临时文件粘贴 (.txt),一時ファイルとして貼り付けました (.txt),임시 파일로 붙여넣었습니다 (.txt),已作為臨時檔案貼上 (.txt),Вставлено как временный файл (.txt),Wklejono jako plik tymczasowy (.txt),Pegado como archivo temporal (.txt),Colado como arquivo temporário (.txt),Als temporäre Datei eingefügt (.txt),Geçici dosya olarak yapıştırıldı (.txt),Incollato come file temporaneo (.txt)
MSG_CHEAT_NO_ACTION,This shortcut is reference only,Ce raccourci est fourni à titre de référence,该快捷键仅供参考，无法直接执行,このショートカットは参照のみです,이 단축키는 참고용입니다,此快速鍵僅供參考,Этот ярлык приведён только для справки,Ten skrót jest tylko informacyjny,Este atajo es solo de referencia,Este atalho é apenas de referência,Dieses Kürzel dient nur als Referenz,Bu kısayol yalnızca referans içindir,Questa scorciatoia è solo di riferimento
MSG_CONFIRM,Please confirm,Veuillez confirmer,请确认,確認してください,확인해 주세요,請確認,Подтвердите,Potwierdź,Confirma,Confirme,Bitte bestätigen,Lütfen onaylayın,Conferma
MSG_PDF_IM_NO_OUTPUT,ImageMagick finished without creating the PDF output.,ImageMagick s'est terminé sans créer le fichier PDF.,ImageMagick 已结束，但未生成 PDF 输出文件。,ImageMagick は PDF を生成せずに終了しました。,ImageMagick가 PDF 출력을 만들지 않고 종료되었습니다.,ImageMagick 已結束，但未產生 PDF 輸出檔案。,"ImageMagick завершил работу, не создав PDF.",ImageMagick zakończył działanie bez utworzenia pliku PDF.,ImageMagick terminó sin crear el archivo PDF.,O ImageMagick terminou sem criar o arquivo PDF.,"ImageMagick wurde beendet, ohne die PDF-Ausgabe zu erstellen.","ImageMagick, PDF çıktısı oluşturmadan tamamlandı.",ImageMagick è terminato senza creare il PDF.
MSG_PDF_IM_EMPTY_OUTPUT,ImageMagick created an empty PDF output.,ImageMagick a créé un fichier PDF vide.,ImageMagick 生成的 PDF 文件为空。,ImageMagick は空の PDF を作成しました。,ImageMagick가 빈 PDF를 만들었습니다.,ImageMagick 產生的 PDF 檔案是空的。,ImageMagick создал пустой PDF.,ImageMagick utworzył pusty plik PDF.,ImageMagick creó un PDF vacío.,O ImageMagick criou um PDF vazio.,ImageMagick hat eine leere PDF-Ausgabe erstellt.,ImageMagick boş bir PDF oluşturdu.,ImageMagick ha creato un PDF vuoto.
MSG_IMAGEMAGICK_FAILED,ImageMagick could not create the PDF. Check the selected executable and its PDF support.,ImageMagick n'a pas pu créer le PDF. Vérifiez l'exécutable sélectionné et sa prise en charge du PDF.,ImageMagick 无法创建 PDF。请检查所选的可执行文件及其 PDF 支持。,ImageMagick で PDF を作成できませんでした。選択した実行ファイルと PDF のサポート状況を確認してください。,ImageMagick가 PDF를 만들지 못했습니다. 선택한 실행 파일과 PDF 지원 여부를 확인하세요.,ImageMagick 無法建立 PDF。請檢查所選的可執行檔及其 PDF 支援。,ImageMagick не смог создать PDF. Проверьте выбранный исполняемый файл и его поддержку PDF.,ImageMagick nie mógł utworzyć pliku PDF. Sprawdź wybrany plik wykonywalny i jego obsługę PDF.,ImageMagick no pudo crear el PDF. Compruebe el ejecutable seleccionado y su compatibilidad con PDF.,O ImageMagick não conseguiu criar o PDF. Verifique o executável selecionado e o suporte a PDF.,ImageMagick konnte das PDF nicht erstellen. Prüfen Sie die ausgewählte ausführbare Datei und ihre PDF-Unterstützung.,ImageMagick PDF oluşturamadı. Seçilen yürütülebilir dosyayı ve PDF desteğini kontrol edin.,ImageMagick non è riuscito a creare il PDF. Controlla l'eseguibile selezionato e il supporto PDF.
MSG_IMAGEMAGICK_FAILED_DETAIL,ImageMagick could not create the PDF.\n\n{1}\n\nCheck the ImageMagick installation and PDF security policy.,ImageMagick n'a pas pu créer le PDF.\n\n{1}\n\nVérifiez l'installation d'ImageMagick et sa politique de sécurité PDF.,ImageMagick 无法创建 PDF。\n\n{1}\n\n请检查 ImageMagick 的安装与 PDF 安全策略。,ImageMagick で PDF を作成できませんでした。\n\n{1}\n\nImageMagick のインストールと PDF セキュリティポリシーを確認してください。,ImageMagick가 PDF를 만들지 못했습니다.\n\n{1}\n\nImageMagick 설치와 PDF 보안 정책을 확인하세요.,ImageMagick 無法建立 PDF。\n\n{1}\n\n請檢查 ImageMagick 的安裝與 PDF 安全性原則。,ImageMagick не смог создать PDF.\n\n{1}\n\nПроверьте установку ImageMagick и политику безопасности PDF.,ImageMagick nie mógł utworzyć pliku PDF.\n\n{1}\n\nSprawdź instalację ImageMagick i politykę bezpieczeństwa PDF.,ImageMagick no pudo crear el PDF.\n\n{1}\n\nCompruebe la instalación de ImageMagick y su política de seguridad de PDF.,O ImageMagick não conseguiu criar o PDF.\n\n{1}\n\nVerifique a instalação do ImageMagick e a política de segurança de PDF.,ImageMagick konnte das PDF nicht erstellen.\n\n{1}\n\nPrüfen Sie die ImageMagick-Installation und die PDF-Sicherheitsrichtlinie.,ImageMagick PDF oluşturamadı.\n\n{1}\n\nImageMagick kurulumunu ve PDF güvenlik politikasını kontrol edin.,ImageMagick non è riuscito a creare il PDF.\n\n{1}\n\nControlla l'installazione di ImageMagick e i criteri di sicurezza PDF.
MSG_NO_FILES_FOUND,"No valid files or folders found in clipboard. Copy file paths, then press CapsLock+P.","Aucun fichier ou dossier valide dans le presse-papiers. Copiez des chemins de fichiers, puis appuyez sur CapsLock+P.",剪贴板中没有有效的文件或文件夹。请先复制文件路径，然后按 CapsLock+P。,クリップボードに有効なファイルやフォルダーが見つかりません。ファイルのパスをコピーしてから CapsLock+P を押してください。,클립보드에 유효한 파일이나 폴더가 없습니다. 파일 경로를 복사한 뒤 CapsLock+P를 누르세요.,剪貼簿中沒有有效的檔案或資料夾。請先複製檔案路徑，然後按下 CapsLock+P。,"В буфере обмена нет допустимых файлов или папок. Скопируйте пути к файлам, затем нажмите CapsLock+P.","W schowku nie znaleziono prawidłowych plików ani folderów. Skopiuj ścieżki plików, a następnie naciśnij CapsLock+P.",No se encontraron archivos ni carpetas válidos en el portapapeles. Copie rutas de archivos y pulse CapsLock+P.,Nenhum arquivo ou pasta válido encontrado na área de transferência. Copie os caminhos dos arquivos e pressione CapsLock+P.,In der Zwischenablage wurden keine gültigen Dateien oder Ordner gefunden. Kopieren Sie Dateipfade und drücken Sie dann CapsLock+P.,Panoda geçerli dosya veya klasör bulunamadı. Dosya yollarını kopyalayıp CapsLock+P tuşlarına basın.,"Nessun file o cartella valido negli appunti. Copia i percorsi dei file, quindi premi CapsLock+P."
MSG_PANDOC_FAILED_FILES,Pandoc could not convert:\n{1}\n\nCheck that the selected output format supports this input type.,Pandoc n'a pas pu convertir :\n{1}\n\nVérifiez que le format de sortie sélectionné prend en charge ce type d'entrée.,Pandoc 无法转换：\n{1}\n\n请确认所选的输出格式支持该输入类型。,Pandoc で変換できませんでした：\n{1}\n\n選択した出力形式がこの入力形式に対応しているか確認してください。,Pandoc이 변환하지 못했습니다:\n{1}\n\n선택한 출력 형식이 이 입력 형식을 지원하는지 확인하세요.,Pandoc 無法轉換：\n{1}\n\n請確認所選的輸出格式支援此輸入類型。,"Pandoc не смог преобразовать:\n{1}\n\nПроверьте, поддерживает ли выбранный формат вывода этот тип входных данных.","Pandoc nie mógł przekonwertować:\n{1}\n\nSprawdź, czy wybrany format wyjściowy obsługuje ten typ danych wejściowych.",Pandoc no pudo convertir:\n{1}\n\nCompruebe que el formato de salida seleccionado admite este tipo de entrada.,O Pandoc não conseguiu converter:\n{1}\n\nVerifique se o formato de saída selecionado suporta este tipo de entrada.,"Pandoc konnte nicht konvertieren:\n{1}\n\nPrüfen Sie, ob das gewählte Ausgabeformat diesen Eingabetyp unterstützt.",Pandoc dönüştüremedi:\n{1}\n\nSeçilen çıktı biçiminin bu girdi türünü desteklediğinden emin olun.,Pandoc non è riuscito a convertire:\n{1}\n\nControlla che il formato di output selezionato supporti questo tipo di input.
CHEAT_TITLE,Hotkey Reference,Référence des raccourcis,快捷键速查表,ショートカット一覧,단축키 참조,快速鍵速查表,Справочник горячих клавиш,Skróty klawiszowe,Referencia de atajos,Referência de atalhos,Tastenkürzel-Referenz,Kısayol Başvurusu,Riferimento scorciatoie
CHEAT_HINT,Search or double-click a row to run it · Esc or CapsLock + H closes,Recherchez ou double-cliquez une ligne pour l'exécuter · Échap ou CapsLock + H ferme,可搜索，双击某一行可执行该动作 · Esc 或 CapsLock + H 关闭,検索、または行をダブルクリックで実行 · Esc または CapsLock + H で閉じる,검색하거나 행을 두 번 클릭하여 실행 · Esc 또는 CapsLock + H로 닫기,可搜尋，雙擊某一列可執行該動作 · Esc 或 CapsLock + H 關閉,Поиск или двойной клик для запуска · Esc или CapsLock + H закрывает,"Szukaj lub kliknij dwukrotnie, aby uruchomić · Esc lub CapsLock + H zamyka",Busca o haz doble clic en una fila para ejecutarla · Esc o CapsLock + H cierra,Pesquise ou dê duplo clique numa linha para executar · Esc ou CapsLock + H fecha,Suchen oder Zeile doppelklicken zum Ausführen · Esc oder CapsLock + H schließt,Arayın veya çalıştırmak için bir satıra çift tıklayın · Esc veya CapsLock + H kapatır,Cerca o fai doppio clic su una riga per eseguirla · Esc o CapsLock + H chiude
CHEAT_COL_CATEGORY,Category,Catégorie,分类,カテゴリ,분류,分類,Категория,Kategoria,Categoría,Categoria,Kategorie,Kategori,Categoria
CHEAT_COL_SHORTCUT,Shortcut,Raccourci,快捷键,ショートカット,단축키,快速鍵,Горячая клавиша,Skrót,Atajo,Atalho,Tastenkürzel,Kısayol,Scorciatoia
CHEAT_COL_ACTION,Action,Action,动作,操作,동작,動作,Действие,Działanie,Acción,Ação,Aktion,Eylem,Azione
CHEAT_STATUS,Showing {1} of {2} shortcuts,{1} raccourcis sur {2} affichés,显示 {1} / {2} 条快捷键,{1} / {2} 件のショートカットを表示,{1} / {2}개 단축키 표시 중,顯示 {1} / {2} 個快速鍵,Показано {1} из {2} сочетаний,Wyświetlono {1} z {2} skrótów,Mostrando {1} de {2} atajos,Mostrando {1} de {2} atalhos,{1} von {2} Kürzeln angezeigt,{1} / {2} kısayol gösteriliyor,Visualizzati {1} di {2} scorciatoie
CHEAT_CAT_NATIVE,Native key,Touche native,原生按键,ネイティブキー,기본 키,原生按鍵,Нативная клавиша,Klawisz natywny,Tecla nativa,Tecla nativa,Native Taste,Yerel tuş,Tasto nativo
CHEAT_CAT_NAV,Navigation,Navigation,光标移动,移動,이동,游標移動,Навигация,Nawigacja,Navegación,Navegação,Navigation,Gezinti,Navigazione
CHEAT_CAT_SELECTION,Selection,Sélection,选择,選択,선택,選取,Выделение,Zaznaczanie,Selección,Seleção,Auswahl,Seçim,Selezione
CHEAT_CAT_EDIT,Editing,Édition,编辑,編集,편집,編輯,Редактирование,Edycja,Edición,Edição,Bearbeiten,Düzenleme,Modifica
CHEAT_CAT_CLIPBOARD,Clipboard,Presse-papiers,剪贴板,クリップボード,클립보드,剪貼簿,Буфер обмена,Schowek,Portapapeles,Área de transferência,Zwischenablage,Pano,Appunti
CHEAT_CAT_DOCUMENTS,Documents,Documents,文档,ドキュメント,문서,文件,Документы,Dokumenty,Documentos,Documentos,Dokumente,Belgeler,Documenti
CHEAT_CAT_FILES,Files,Fichiers,文件,ファイル,파일,檔案,Файлы,Pliki,Archivos,Arquivos,Dateien,Dosyalar,File
CHEAT_CAT_WINDOW,Window,Fenêtre,窗口,ウィンドウ,창,視窗,Окно,Okno,Ventana,Janela,Fenster,Pencere,Finestra
CHEAT_CAT_TABS,Tabs,Onglets,标签页,タブ,탭,分頁,Вкладки,Karty,Pestañas,Abas,Tabs,Sekmeler,Schede
CHEAT_CAT_HELP,Help,Aide,帮助,ヘルプ,도움말,說明,Справка,Pomoc,Ayuda,Ajuda,Hilfe,Yardım,Aiuto
CHEAT_ACT_CAPS_TOGGLE,Toggle native CapsLock on / off,Activer / désactiver le CapsLock natif,切换原生 CapsLock 开关,ネイティブの CapsLock をオン / オフ,기본 CapsLock 켜기 / 끄기,切換原生 CapsLock 開關,Включить / выключить обычный CapsLock,Włącz / wyłącz natywny CapsLock,Activar / desactivar el CapsLock nativo,Ativar / desativar o CapsLock nativo,Nativen CapsLock ein- / ausschalten,Yerel CapsLock'u aç / kapat,Attiva / disattiva il CapsLock nativo
CHEAT_ACT_NAV_WORD,Move the caret by word,Déplacer le curseur d'un mot,按词移动光标,カーソルを単語単位で移動,커서를 단어単位로 이동,按詞移動游標,Переместить курсор по словам,Przesuń kursor o słowo,Mover el cursor por palabras,Mover o cursor por palavra,Cursor wortweise bewegen,İmleci kelime kelime taşı,Sposta il cursore per parola
CHEAT_ACT_NAV_LINE,Jump to line start / end,Aller au début / à la fin de la ligne,跳到行首 / 行尾,行頭 / 行末へ移動,줄 시작 / 끝으로 이동,跳到行首 / 行尾,Перейти в начало / конец строки,Skocz na początek / koniec linii,Ir al inicio / final de la línea,Ir para o início / fim da linha,Zum Zeilenanfang / -ende springen,Satır başına / sonuna git,Vai a inizio / fine riga
CHEAT_ACT_SEL_WORD,Extend the selection by word,Étendre la sélection d'un mot,按词扩展选择,選択範囲を単語単位で拡張,선택 영역을 단어 단위로 확장,按詞擴充選取,Расширить выделение по словам,Rozszerz zaznaczenie o słowo,Ampliar la selección por palabras,Ampliar a seleção por palavra,Auswahl wortweise erweitern,Seçimi kelime kelime genişlet,Estendi la selezione per parola
CHEAT_ACT_SEL_LINE,Extend the selection to line start / end,Étendre la sélection jusqu'au début / à la fin de la ligne,扩展到行首 / 行尾,選択範囲を行頭 / 行末まで拡張,선택 영역을 줄 시작 / 끝까지 확장,擴充到行首 / 行尾,Расширить выделение до начала / конца строки,Rozszerz zaznaczenie do początku / końca linii,Ampliar la selección hasta el inicio / final de la línea,Ampliar a seleção até o início / fim da linha,Auswahl bis Zeilenanfang / -ende erweitern,Seçimi satır başına / sonuna kadar genişlet,Estendi la selezione fino a inizio / fine riga
CHEAT_ACT_SEL_CURRENT,Select the word under the caret,Sélectionner le mot sous le curseur,选中光标所在单词,カーソル位置の単語を選択,커서 위치의 단어 선택,選取游標所在單字,Выделить слово под курсором,Zaznacz słowo pod kursorem,Seleccionar la palabra bajo el cursor,Selecionar a palavra sob o cursor,Wort unter dem Cursor auswählen,İmlecin altındaki kelimeyi seç,Seleziona la parola sotto il cursore
CHEAT_ACT_DEL_CHAR,Delete one character backward / forward,Supprimer un caractère avant / après,删除前 / 后一个字符,前 / 後の 1 文字を削除,앞 / 뒤의 한 글자 삭제,刪除前 / 後一個字元,Удалить один символ назад / вперёд,Usuń jeden znak wstecz / w przód,Eliminar un carácter hacia atrás / adelante,Excluir um caractere atrás / à frente,Ein Zeichen rückwärts / vorwärts löschen,Bir karakteri geri / ileri sil,Elimina un carattere indietro / avanti
CHEAT_ACT_DEL_WORD,Delete one word backward / forward,Supprimer un mot avant / après,删除前 / 后一个词,前 / 後の 1 単語を削除,앞 / 뒤의 한 단어 삭제,刪除前 / 後一個詞,Удалить одно слово назад / вперёд,Usuń jedno słowo wstecz / w przód,Eliminar una palabra hacia atrás / adelante,Excluir uma palavra atrás / à frente,Ein Wort rückwärts / vorwärts löschen,Bir kelimeyi geri / ileri sil,Elimina una parola indietro / avanti
CHEAT_ACT_DEL_LINE,Delete the current line,Supprimer la ligne actuelle,删除当前整行,現在の行を削除,현재 줄 삭제,刪除目前整行,Удалить текущую строку,Usuń bieżącą linię,Eliminar la línea actual,Excluir a linha atual,Aktuelle Zeile löschen,Geçerli satırı sil,Elimina la riga corrente
CHEAT_ACT_COPY_PLAIN,Copy as plain text and add to history,Copier en texte brut et ajouter à l'historique,复制为纯文本并写入历史,プレーンテキストとしてコピーし履歴に追加,일반 텍스트로 복사하고 기록에 추가,複製為純文字並寫入歷史,Копировать как простой текст и добавить в историю,Kopiuj jako zwykły tekst i dodaj do historii,Copiar como texto plano y añadir al historial,Copiar como texto simples e adicionar ao histórico,Als Klartext kopieren und zum Verlauf hinzufügen,Düz metin olarak kopyala ve geçmişe ekle,Copia come testo normale e aggiungi alla cronologia
CHEAT_ACT_PASTE,Paste using the current paste mode,Coller selon le mode de collage actuel,按当前粘贴模式粘贴,現在の貼り付けモードで貼り付け,현재 붙여넣기 모드로 붙여넣기,按目前貼上模式貼上,Вставить в текущем режиме вставки,Wklej w bieżącym trybie wklejania,Pegar usando el modo de pegado actual,Colar usando o modo de colagem atual,Im aktuellen Einfügemodus einfügen,Geçerli yapıştırma moduyla yapıştır,Incolla usando la modalità di incolla corrente
CHEAT_ACT_HISTORY,Open the clipboard history,Ouvrir l'historique du presse-papiers,打开剪贴板历史,クリップボード履歴を開く,클립보드 기록 열기,開啟剪貼簿歷史,Открыть историю буфера обмена,Otwórz historię schowka,Abrir el historial del portapapeles,Abrir o histórico da área de transferência,Zwischenablage-Verlauf öffnen,Pano geçmişini aç,Apri la cronologia degli appunti
CHEAT_ACT_CASE,Change the case of the last copy and paste,Changer la casse du dernier texte copié et le coller,转换最近复制文本的大小写并粘贴,最後にコピーしたテキストの大文字 / 小文字を変換して貼り付け,마지막 복사 텍스트의 대소문자 변환 후 붙여넣기,轉換最近複製文字的大小寫並貼上,Изменить регистр последнего скопированного текста и вставить,Zmień wielkość liter ostatniej kopii i wklej,Cambiar el caso del último texto copiado y pegarlo,Alterar a caixa do último texto copiado e colar,Groß-/Kleinschreibung der letzten Kopie ändern und einfügen,Son kopyalanan metnin harf durumunu değiştir ve yapıştır,Cambia le maiuscole dell'ultimo testo copiato e incolla
CHEAT_ACT_PANDOC,Convert clipboard file paths with Pandoc,Convertir les chemins de fichiers du presse-papiers avec Pandoc,用 Pandoc 转换剪贴板中的文件路径,クリップボードのファイルパスを Pandoc で変換,클립보드의 파일 경로를 Pandoc으로 변환,用 Pandoc 轉換剪貼簿中的檔案路徑,Преобразовать пути файлов из буфера обмена с помощью Pandoc,Konwertuj ścieżki plików ze schowka przez Pandoc,Convertir rutas de archivos del portapapeles con Pandoc,Converter caminhos de arquivo da área de transferência com o Pandoc,Dateipfade aus der Zwischenablage mit Pandoc konvertieren,Panodaki dosya yollarını Pandoc ile dönüştür,Converti i percorsi file negli appunti con Pandoc
CHEAT_ACT_TEMP,Open the temp folder used by file paste,Ouvrir le dossier temporaire utilisé par le collage de fichiers,打开临时文件夹（文件粘贴生成的临时文件）,ファイル貼り付け用の一時フォルダーを開く,파일 붙여넣기에 사용되는 임시 폴더 열기,開啟臨時文件夾（檔案貼上產生的臨時檔案）,"Открыть временную папку, используемую при вставке файлов",Otwórz folder tymczasowy używany przy wklejaniu plików,Abrir la carpeta temporal usada al pegar archivos,Abrir a pasta temporária usada na colagem de arquivos,Temporären Ordner der Datei-Einfügung öffnen,Dosya yapıştırmada kullanılan geçici klasörü aç,Apri la cartella temporanea usata per incollare file
CHEAT_ACT_TOPMOST,Toggle always-on-top with OSD feedback,Basculer « toujours au premier plan » avec retour OSD,切换窗口置顶并提示,常に最前面表示を切り替え（OSD 表示あり）,항상 위에 표시 전환 (OSD 알림),切換視窗置頂並提示,Переключить режим «поверх всех окон» с OSD-подсказкой,Przełącz «zawsze na wierzchu» z powiadomieniem OSD,Alternar «siempre encima» con aviso OSD,Alternar «sempre no topo» com aviso OSD,«Immer im Vordergrund» mit OSD-Rückmeldung umschalten,OSD geri bildirimi ile «her zaman üstte» modunu aç / kapat,Attiva / disattiva «sempre in primo piano» con feedback OSD
CHEAT_ACT_MAXIMIZE,Maximize / restore the active window,Maximiser / restaurer la fenêtre active,最大化 / 还原活动窗口,アクティブウィンドウを最大化 / 元のサイズに戻す,활성 창 최대화 / 원래 크기로 복원,最大化 / 還原使用中視窗,Развернуть / восстановить активное окно,Maksymalizuj / przywróć aktywne okno,Maximizar / restaurar la ventana activa,Maximizar / restaurar a janela ativa,Aktives Fenster maximieren / wiederherstellen,Etkin pencereyi büyüt / geri yükle,Massimizza / ripristina la finestra attiva
CHEAT_ACT_MINIMIZE,Minimize the active window,Réduire la fenêtre active,最小化活动窗口,アクティブウィンドウを最小化,활성 창 최소화,最小化使用中視窗,Свернуть активное окно,Zminimalizuj aktywne okno,Minimizar la ventana activa,Minimizar a janela ativa,Aktives Fenster minimieren,Etkin pencereyi küçült,Minimizza la finestra attiva
CHEAT_ACT_OPACITY,Increase / decrease active-window opacity,Augmenter / diminuer l'opacité de la fenêtre active,提高 / 降低活动窗口不透明度,アクティブウィンドウの不透明度を上げる / 下げる,활성 창의 불투명도 높이기 / 낮추기,提高 / 降低使用中視窗不透明度,Увеличить / уменьшить непрозрачность активного окна,Zwiększ / zmniejsz nieprzezroczystość aktywnego okna,Aumentar / reducir la opacidad de la ventana activa,Aumentar / reduzir a opacidade da janela ativa,Deckkraft des aktiven Fensters erhöhen / verringern,Etkin pencerenin opaklığını artır / azalt,Aumenta / riduci l'opacità della finestra attiva
CHEAT_ACT_GHOST,Toggle 10% / 100% ghost mode,Basculer le mode fantôme 10 % / 100 %,在 10% / 100% 透明度间切换（幽灵模式）,ゴーストモード（10% / 100%）を切り替え,고스트 모드 10% / 100% 전환,在 10% / 100% 不透明度間切換（幽靈模式）,Переключить призрачный режим 10 % / 100 %,Przełącz tryb widma 10% / 100%,Alternar el modo fantasma 10 % / 100 %,Alternar o modo fantasma 10% / 100%,Geistermodus 10 % / 100 % umschalten,Hayalet modunu %10 / %100 olarak değiştir,Attiva / disattiva la modalità fantasma 10% / 100%
CHEAT_ACT_TAB_PREV_NEXT,Previous / next browser tab,Onglet précédent / suivant du navigateur,上一个 / 下一个浏览器标签页,ブラウザーの前 / 次のタブ,브라우저의 이전 / 다음 탭,上一個 / 下一個瀏覽器分頁,Предыдущая / следующая вкладка браузера,Poprzednia / następna karta przeglądarki,Pestaña anterior / siguiente del navegador,Aba anterior / próxima do navegador,Vorheriger / nächster Browser-Tab,Önceki / sonraki tarayıcı sekmesi,Scheda precedente / successiva del browser
CHEAT_ACT_CHEATSHEET,Show this hotkey reference,Afficher cette référence des raccourcis,显示本快捷键速查表,このショートカット一覧を表示,이 단축키 참조 표시,顯示本快速鍵速查表,Показать этот справочник горячих клавиш,Pokaż tę listę skrótów,Mostrar esta referencia de atajos,Mostrar esta referência de atalhos,Diese Tastenkürzel-Referenz anzeigen,Bu kısayol başvurusunu göster,Mostra questo riferimento scorciatoie
GUI_FULL_STATUS,Ready,Prêt,就绪,準備完了,준비 완료,就緒,Готово,Gotowy,Listo,Pronto,Bereit,Hazır,Pronto
GUI_FULL_TIP,Tip: Use checkboxes to select multiple items,Astuce : utilisez les cases à cocher pour sélectionner plusieurs éléments,提示：勾选复选框可批量选择,ヒント: チェックボックスで複数項目を選択できます,팁: 체크박스로 여러 항목을 선택하세요,提示：勾選核取方塊可批次選取,Подсказка: используйте флажки для выбора нескольких элементов,"Wskazówka: zaznacz pola wyboru, aby wybrać kilka elementów",Sugerencia: usa las casillas para seleccionar varios elementos,Dica: use as caixas de seleção para escolher vários itens,Tipp: Mit den Kontrollkästchen mehrere Einträge auswählen,İpucu: Birden fazla öğe seçmek için onay kutularını kullanın,Suggerimento: usa le caselle per selezionare più elementi
MENU_QUICK_PHRASE,Quick Phrases,Phrases rapides,快速短语,クイックフレーズ,빠른 문구,快速短語,Быстрые фразы,Szybkie frazy,Frases rápidas,Frases rápidas,Schnelle Phrasen,Hızlı İfadeler,Frasi rapide
MENU_QUICK_PHRASE_ENABLE,Enable shortcut,Activer le raccourci,启用快捷键,ショートカットを有効化,단축키 활성화,啟用快速鍵,Включить сочетание клавиш,Włącz skrót,Activar atajo,Ativar atalho,Tastenkürzel aktivieren,Kısayolu etkinleştir,Abilita scorciatoia
MENU_QUICK_PHRASE_MANAGE,Manage phrases...,Gérer les phrases...,管理短语...,フレーズを管理...,문구 관리...,管理短語...,Управление фразами...,Zarządzaj frazami...,Administrar frases...,Gerenciar frases...,Phrasen verwalten...,İfadeleri yönet...,Gestisci frasi...
GUI_QUICK_PHRASE_TITLE,Quick Phrases,Phrases rapides,快速短语,クイックフレーズ,빠른 문구,快速短語,Быстрые фразы,Szybkie frazy,Frases rápidas,Frases rápidas,Schnelle Phrasen,Hızlı İfadeler,Frasi rapide
GUI_QUICK_PHRASE_SUBTITLE,Search by name or content. Press Enter or double-click to insert.,Recherchez par nom ou contenu. Appuyez sur Entrée ou double-cliquez pour insérer.,按名称或内容搜索。按 Enter 或双击插入。,名前または内容で検索。Enter またはダブルクリックで挿入します。,이름 또는 내용으로 검색하세요. Enter 또는 더블클릭으로 삽입합니다.,依名稱或內容搜尋。按 Enter 或雙擊以插入。,Поиск по названию или содержимому. Нажмите Enter или дважды щёлкните для вставки.,"Wyszukuj po nazwie lub treści. Naciśnij Enter lub kliknij dwukrotnie, aby wstawić.",Busca por nombre o contenido. Pulsa Enter o haz doble clic para insertar.,Pesquise por nome ou conteúdo. Pressione Enter ou clique duas vezes para inserir.,Nach Name oder Inhalt suchen. Mit Enter oder Doppelklick einfügen.,Ada veya içeriğe göre arayın. Eklemek için Enter'a basın veya çift tıklayın.,Cerca per nome o contenuto. Premi Invio o fai doppio clic per inserire.
GUI_QUICK_PHRASE_COL_NAME,Name,Nom,名称,名前,이름,名稱,Название,Nazwa,Nombre,Nome,Name,Ad,Nome
GUI_QUICK_PHRASE_COL_CATEGORY,Category,Catégorie,类别,カテゴリ,범주,類別,Категория,Kategoria,Categoría,Categoria,Kategorie,Kategori,Categoria
GUI_QUICK_PHRASE_COL_PREVIEW,Preview,Aperçu,预览,プレビュー,미리보기,預覽,Предпросмотр,Podgląd,Vista previa,Pré-visualização,Vorschau,Önizleme,Anteprima
GUI_QUICK_PHRASE_USE,Use,Utiliser,使用,使用,사용,使用,Использовать,Użyj,Usar,Usar,Verwenden,Kullan,Usa
GUI_QUICK_PHRASE_MANAGE,Manage,Gérer,管理,管理,관리,管理,Управление,Zarządzaj,Administrar,Gerenciar,Verwalten,Yönet,Gestisci
GUI_QUICK_PHRASE_EMPTY,No saved quick phrases. Use Manage to create one.,Aucune phrase rapide enregistrée. Utilisez « Gérer » pour en créer une.,暂无保存的快速短语。使用“管理”创建一个。,保存されたクイックフレーズはありません。「管理」から作成できます。,저장된 빠른 문구가 없습니다. “관리”에서 새로 만들 수 있습니다.,尚無已儲存的快速短語。請使用「管理」建立。,Нет сохранённых быстрых фраз. Создайте их через «Управление».,"Brak zapisanych szybkich fraz. Użyj „Zarządzaj”, aby utworzyć nową.",No hay frases rápidas guardadas. Usa «Administrar» para crear una.,Não há frases rápidas salvas. Use “Gerenciar” para criar uma.,Keine gespeicherten schnellen Phrasen. Unter „Verwalten“ können Sie eine anlegen.,Kayıtlı hızlı ifade yok. Oluşturmak için “Yönet”i kullanın.,Nessuna frase rapida salvata. Usa «Gestisci» per crearne una.
GUI_QUICK_PHRASE_STATUS,{1} quick phrase(s) available.,{1} phrase(s) rapide(s) disponible(s).,可用快速短语：{1} 个。,利用可能なクイックフレーズ：{1} 件。,사용 가능한 빠른 문구: {1}개.,可用的快速短語：{1} 個。,Доступно быстрых фраз: {1}.,Dostępne szybkie frazy: {1}.,Frases rápidas disponibles: {1}.,Frases rápidas disponíveis: {1}.,Schnelle Phrasen verfügbar: {1}.,Kullanılabilir hızlı ifadeler: {1}.,Frasi rapide disponibili: {1}.
GUI_QUICK_PHRASE_VARIABLE_TITLE,Fill phrase variables,Renseigner les variables de la phrase,填写短语变量,フレーズの変数を入力,문구 변수 입력,填寫短語變數,Заполнить переменные фразы,Uzupełnij zmienne frazy,Completa las variables de la frase,Preencher variáveis da frase,Phrasenvariablen ausfüllen,İfade değişkenlerini doldur,Compila le variabili della frase
GUI_QUICK_PHRASE_VARIABLE_HINT,Fields follow first appearance order; repeated names are requested once.,Les champs suivent l’ordre de première apparition ; les noms répétés ne sont demandés qu’une fois.,字段按首次出现顺序排列；重复变量只需填写一次。,項目は最初に出現した順に並び、同じ名前の変数は1回だけ入力します。,항목은 처음 나타난 순서를 따르며 반복되는 변수 이름은 한 번만 입력합니다.,欄位依首次出現順序排列；重複的變數只需輸入一次。,Поля идут в порядке первого появления; повторяющиеся имена вводятся один раз.,Pola są zgodne z kolejnością pierwszego wystąpienia; powtarzane nazwy są pytane tylko raz.,Los campos siguen el orden de la primera aparición; los nombres repetidos se solicitan una sola vez.,Os campos seguem a ordem da primeira aparição; nomes repetidos são solicitados apenas uma vez.,Die Felder folgen der Reihenfolge ihres ersten Auftretens; gleiche Namen werden nur einmal abgefragt.,Alanlar ilk görünme sırasını izler; tekrarlanan adlar yalnızca bir kez istenir.,I campi seguono l’ordine della prima occorrenza; i nomi ripetuti vengono richiesti una sola volta.
GUI_QUICK_PHRASE_MANAGER_TITLE,Quick Phrase Manager,Gestionnaire de phrases rapides,快速短语管理,クイックフレーズ管理,빠른 문구 관리,快速短語管理,Управление быстрыми фразами,Menedżer szybkich fraz,Administrador de frases rápidas,Gerenciador de frases rápidas,Manager für schnelle Phrasen,Hızlı İfade Yöneticisi,Gestore frasi rapide
GUI_QUICK_PHRASE_MANAGER_SUBTITLE,"Create, edit, reorder, categorize, and delete local quick phrases.","Créez, modifiez, réordonnez, catégorisez et supprimez des phrases rapides locales.",创建、编辑、排序、分类和删除本地快速短语。,ローカルのクイックフレーズを作成、編集、並べ替え、分類、削除します。,"로컬 빠른 문구를 생성, 편집, 정렬, 분류 및 삭제합니다.",建立、編輯、重新排序、分類及刪除本機快速短語。,"Создание, редактирование, сортировка, категоризация и удаление локальных быстрых фраз.","Twórz, edytuj, porządkuj, kategoryzuj i usuwaj lokalne szybkie frazy.","Crea, edita, reordena, clasifica y elimina frases rápidas locales.","Crie, edite, reordene, categorize e exclua frases rápidas locais.","Lokale schnelle Phrasen erstellen, bearbeiten, sortieren, kategorisieren und löschen.","Yerel hızlı ifadeleri oluşturun, düzenleyin, sıralayın, kategorilere ayırın ve silin.","Crea, modifica, riordina, categorizza ed elimina frasi rapide locali."
GUI_QUICK_PHRASE_NEW,New,Nouveau,新建,新規,새로 만들기,新增,Создать,Nowa,Nueva,Nova,Neu,Yeni,Nuova
GUI_QUICK_PHRASE_EDIT,Edit,Modifier,编辑,編集,편집,編輯,Изменить,Edytuj,Editar,Editar,Bearbeiten,Düzenle,Modifica
GUI_QUICK_PHRASE_DELETE,Delete,Supprimer,删除,削除,삭제,刪除,Удалить,Usuń,Eliminar,Excluir,Löschen,Sil,Elimina
GUI_QUICK_PHRASE_MOVE_UP,Move Up,Monter,上移,上へ,위로 이동,上移,Вверх,W górę,Subir,Mover para cima,Nach oben,Yukarı taşı,Sposta su
GUI_QUICK_PHRASE_MOVE_DOWN,Move Down,Descendre,下移,下へ,아래로 이동,下移,Вниз,W dół,Bajar,Mover para baixo,Nach unten,Aşağı taşı,Sposta giù
GUI_QUICK_PHRASE_NAME,Name,Nom,名称,名前,이름,名稱,Название,Nazwa,Nombre,Nome,Name,Ad,Nome
GUI_QUICK_PHRASE_CATEGORY,Category,Catégorie,类别,カテゴリ,범주,類別,Категория,Kategoria,Categoría,Categoria,Kategorie,Kategori,Categoria
GUI_QUICK_PHRASE_TEMPLATE,Template,Modèle,模板,テンプレート,템플릿,範本,Шаблон,Szablon,Plantilla,Modelo,Vorlage,Şablon,Modello
GUI_QUICK_PHRASE_SYNTAX,Use {{name}} for a variable. Repeated names are requested once.,Utilisez {{name}} pour une variable. Les noms répétés ne sont demandés qu’une fois.,使用 {{name}} 表示变量。重复变量只需填写一次。,変数には {{name}} を使用します。同じ名前の変数は1回だけ入力します。,변수에는 {{name}} 형식을 사용합니다. 같은 이름은 한 번만 입력합니다.,使用 {{name}} 表示變數。重複名稱只需輸入一次。,Используйте {{name}} для переменной. Повторяющиеся имена запрашиваются один раз.,Użyj {{name}} jako zmiennej. Powtarzane nazwy są pytane tylko raz.,Usa {{name}} para una variable. Los nombres repetidos se solicitan una sola vez.,Use {{name}} para uma variável. Nomes repetidos são solicitados apenas uma vez.,Verwenden Sie {{name}} für eine Variable. Wiederholte Namen werden nur einmal abgefragt.,Değişken için {{name}} kullanın. Tekrarlanan adlar yalnızca bir kez istenir.,Usa {{name}} per una variabile. I nomi ripetuti vengono richiesti una sola volta.
GUI_QUICK_PHRASE_SAVE,Save,Enregistrer,保存,保存,저장,儲存,Сохранить,Zapisz,Guardar,Salvar,Speichern,Kaydet,Salva
GUI_QUICK_PHRASE_PREVIEW,Preview,Aperçu,预览,プレビュー,미리보기,預覽,Предпросмотр,Podgląd,Vista previa,Pré-visualização,Vorschau,Önizleme,Anteprima
GUI_QUICK_PHRASE_EDITOR_EDIT,Edit Quick Phrase,Modifier la phrase rapide,编辑快速短语,クイックフレーズを編集,빠른 문구 편집,編輯快速短語,Изменить быструю фразу,Edytuj szybką frazę,Editar frase rápida,Editar frase rápida,Schnelle Phrase bearbeiten,Hızlı İfadeyi Düzenle,Modifica frase rapida
GUI_QUICK_PHRASE_EDITOR_NEW,New Quick Phrase,Nouvelle phrase rapide,新建快速短语,新しいクイックフレーズ,새 빠른 문구,新增快速短語,Новая быстрая фраза,Nowa szybka fraza,Nueva frase rápida,Nova frase rápida,Neue schnelle Phrase,Yeni Hızlı İfade,Nuova frase rapida
CONFIRM_QUICK_PHRASE_DELETE,"Delete quick phrase ""{1}""?",Supprimer la phrase rapide « {1} » ?,删除快速短语“{1}”？,クイックフレーズ「{1}」を削除しますか？,빠른 문구 “{1}”을(를) 삭제하시겠습니까?,要刪除快速短語「{1}」嗎？,Удалить быструю фразу «{1}»?,Usunąć szybką frazę „{1}”?,¿Eliminar la frase rápida «{1}»?,Excluir a frase rápida “{1}”?,Schnelle Phrase „{1}“ löschen?,“{1}” hızlı ifadesi silinsin mi?,Eliminare la frase rapida «{1}»?
MSG_QUICK_PHRASE_SELECT,Please select a quick phrase.,Sélectionnez une phrase rapide.,请选择一个快速短语。,クイックフレーズを選択してください。,빠른 문구를 선택하세요.,請選擇一個快速短語。,Выберите быструю фразу.,Wybierz szybką frazę.,Selecciona una frase rápida.,Selecione uma frase rápida.,Bitte eine schnelle Phrase auswählen.,Lütfen bir hızlı ifade seçin.,Seleziona una frase rapida.
MSG_QUICK_PHRASE_PASTE_FAILED,Could not insert the quick phrase.,Impossible d’insérer la phrase rapide.,无法插入快速短语。,クイックフレーズを挿入できませんでした。,빠른 문구를 삽입할 수 없습니다.,無法插入快速短語。,Не удалось вставить быструю фразу.,Nie można wstawić szybkiej frazy.,No se pudo insertar la frase rápida.,Não foi possível inserir a frase rápida.,Schnelle Phrase konnte nicht eingefügt werden.,Hızlı ifade eklenemedi.,Impossibile inserire la frase rapida.
MSG_QUICK_PHRASE_ENABLED,Quick Phrase shortcut enabled.,Raccourci des phrases rapides activé.,快速短语快捷键已启用。,クイックフレーズのショートカットを有効にしました。,빠른 문구 단축키가 활성화되었습니다.,快速短語快速鍵已啟用。,Сочетание для быстрых фраз включено.,Skrót szybkich fraz został włączony.,Atajo de frases rápidas activado.,Atalho de frases rápidas ativado.,Tastenkürzel für schnelle Phrasen aktiviert.,Hızlı ifade kısayolu etkinleştirildi.,Scorciatoia delle frasi rapide abilitata.
MSG_QUICK_PHRASE_DISABLED,Quick Phrase shortcut disabled.,Raccourci des phrases rapides désactivé.,快速短语快捷键已禁用。,クイックフレーズのショートカットを無効にしました。,빠른 문구 단축키가 비활성화되었습니다.,快速短語快速鍵已停用。,Сочетание для быстрых фраз отключено.,Skrót szybkich fraz został wyłączony.,Atajo de frases rápidas desactivado.,Atalho de frases rápidas desativado.,Tastenkürzel für schnelle Phrasen deaktiviert.,Hızlı ifade kısayolu devre dışı bırakıldı.,Scorciatoia delle frasi rapide disabilitata.
MSG_QUICK_PHRASE_DELETED,Quick phrase deleted.,Phrase rapide supprimée.,快速短语已删除。,クイックフレーズを削除しました。,빠른 문구가 삭제되었습니다.,快速短語已刪除。,Быстрая фраза удалена.,Szybka fraza została usunięta.,Frase rápida eliminada.,Frase rápida excluída.,Schnelle Phrase gelöscht.,Hızlı ifade silindi.,Frase rapida eliminata.
MSG_QUICK_PHRASE_NAME_REQUIRED,Please enter a phrase name.,Saisissez un nom de phrase.,请输入短语名称。,フレーズ名を入力してください。,문구 이름을 입력하세요.,請輸入短語名稱。,Введите название фразы.,Wprowadź nazwę frazy.,Introduce un nombre para la frase.,Digite um nome para a frase.,Bitte einen Phrasennamen eingeben.,Lütfen ifade adını girin.,Inserisci un nome per la frase.
MSG_QUICK_PHRASE_CONTENT_REQUIRED,Please enter template content.,Saisissez le contenu du modèle.,请输入模板内容。,テンプレート内容を入力してください。,템플릿 내용을 입력하세요.,請輸入範本內容。,Введите содержимое шаблона.,Wprowadź zawartość szablonu.,Introduce el contenido de la plantilla.,Digite o conteúdo do modelo.,Bitte Vorlageninhalt eingeben.,Lütfen şablon içeriğini girin.,Inserisci il contenuto del modello.
MSG_QUICK_PHRASE_SAVE_FAILED,Failed to save quick phrase.,Échec de l’enregistrement de la phrase rapide.,保存快速短语失败。,クイックフレーズの保存に失敗しました。,빠른 문구를 저장하지 못했습니다.,儲存快速短語失敗。,Не удалось сохранить быструю фразу.,Nie udało się zapisać szybkiej frazy.,No se pudo guardar la frase rápida.,Falha ao salvar a frase rápida.,Schnelle Phrase konnte nicht gespeichert werden.,Hızlı ifade kaydedilemedi.,Salvataggio della frase rapida non riuscito.
MSG_QUICK_PHRASE_SAVED,Quick phrase saved.,Phrase rapide enregistrée.,快速短语已保存。,クイックフレーズを保存しました。,빠른 문구가 저장되었습니다.,快速短語已儲存。,Быстрая фраза сохранена.,Szybka fraza została zapisana.,Frase rápida guardada.,Frase rápida salva.,Schnelle Phrase gespeichert.,Hızlı ifade kaydedildi.,Frase rapida salvata.
CHEAT_ACT_QUICK_PHRASE,Open the Quick Phrase selector,Ouvrir le sélecteur de phrases rapides,打开快速短语选择器,クイックフレーズ選択画面を開く,빠른 문구 선택기 열기,開啟快速短語選擇器,Открыть выбор быстрых фраз,Otwórz wybór szybkiej frazy,Abrir el selector de frases rápidas,Abrir o seletor de frases rápidas,Schnellauswahl für Phrasen öffnen,Hızlı ifade seçicisini aç,Apri il selettore delle frasi rapide
MENU_WINDOW_HOLE,Window Hole,Trou de fenêtre,窗口洞洞,ウィンドウホール,창 구멍,視窗洞洞,Оконное отверстие,Dziura w oknie,Agujero de ventana,Furo na janela,Fensterloch,Pencere deliği,Foro nella finestra
MENU_WINDOW_HOLE_SIZE,Hole size,Taille du trou,洞大小,穴のサイズ,구멍 크기,洞大小,Размер отверстия,Rozmiar otworu,Tamaño del agujero,Tamanho do furo,Lochgröße,Delik boyutu,Dimensione del foro
MENU_WINDOW_HOLE_SHAPE,Hole shape,Forme du trou,洞形状,穴の形状,구멍 모양,洞形狀,Форма отверстия,Kształt otworu,Forma del agujero,Forma do furo,Lochform,Delik şekli,Forma del foro
MENU_WINDOW_HOLE_SHAPE_CIRCLE,Circle,Cercle,圆形,円形,원,圓形,Круг,Koło,Círculo,Círculo,Kreis,Daire,Cerchio
MENU_WINDOW_HOLE_SHAPE_ROUNDED,Rounded rectangle,Rectangle arrondi,圆角矩形,角丸長方形,둥근 사각형,圓角矩形,Скруглённый прямоугольник,Zaokrąglony prostokąt,Rectángulo redondeado,Retângulo arredondado,Abgerundetes Rechteck,Yuvarlatılmış dikdörtgen,Rettangolo arrotondato
MENU_WINDOW_HOLE_SHAPE_SQUARE,Square,Carré,方形,正方形,정사각형,方形,Квадрат,Kwadrat,Cuadrado,Quadrado,Quadrat,Kare,Quadrato
MENU_WINDOW_HOLE_SECOND,Second penetration layer,Deuxième niveau de pénétration,第二层穿透,第2透過レイヤー,두 번째 투과 단계,第二層穿透,Второй уровень проникновения,Drugi poziom penetracji,Segundo nivel de penetración,Segundo nível de penetração,Zweite Durchdringungsebene,İkinci geçiş katmanı,Secondo livello di penetrazione
MENU_WINDOW_HOLE_ACTIVATION,Activation,Activation,激活方式,起動方式,활성화 방식,啟用方式,Активация,Tryb aktywacji,Activación,Ativação,Aktivierung,Etkinleştirme,Attivazione
MENU_WINDOW_HOLE_HOLD,Hold X,Maintenir X,按住 X,X を長押し,X 길게 누르기,按住 X,Удерживать X,Przytrzymaj X,Mantener X,Segurar X,X halten,X tuşunu basılı tut,Tieni premuto X
MENU_WINDOW_HOLE_TOGGLE,Toggle with X,Basculer avec X,按 X 切换,X で切り替え,X로 전환,按 X 切換,Переключать X,Przełącz X,Alternar con X,Alternar com X,Mit X umschalten,X ile değiştir,Commuta con X
MENU_WINDOW_HOLE_FALLBACK,Minimize incompatible windows,Réduire les fenêtres incompatibles,兼容失败时最小化窗口,非対応ウィンドウを最小化,호환되지 않는 창 최소화,不相容視窗最小化,Сворачивать несовместимые окна,Minimalizuj niezgodne okna,Minimizar ventanas incompatibles,Minimizar janelas incompatíveis,Inkompatible Fenster minimieren,Uyumsuz pencereleri küçült,Minimizza finestre incompatibili
MENU_WINDOW_HOLE_RULES,Window rules,Règles de fenêtre,窗口规则,ウィンドウ規則,창 규칙,視窗規則,Правила окон,Reguły okien,Reglas de ventana,Regras de janela,Fensterregeln,Pencere kuralları,Regole finestra
INPUT_WINDOW_HOLE_SIZE_TITLE,Window Hole Size,Taille du trou de fenêtre,窗口洞洞大小,ウィンドウホールのサイズ,창 구멍 크기,視窗洞洞大小,Размер оконного отверстия,Rozmiar dziury w oknie,Tamaño del agujero de ventana,Tamanho do furo da janela,Fensterlochgröße,Pencere deliği boyutu,Dimensione foro finestra
INPUT_WINDOW_HOLE_SIZE_PROMPT,Enter hole diameter (80-1200 px).,Saisissez le diamètre du trou (80-1200 px).,输入洞直径（80-1200 像素）。,穴の直径を入力してください（80～1200 px）。,구멍 지름을 입력하세요 (80-1200 px).,輸入洞直徑（80-1200 像素）。,Введите диаметр отверстия (80-1200 пикселей).,Wprowadź średnicę otworu (80-1200 px).,Introduce el diámetro del agujero (80-1200 px).,Digite o diâmetro do furo (80-1200 px).,Lochdurchmesser eingeben (80-1200 px).,Delik çapını girin (80-1200 px).,Inserisci il diametro del foro (80-1200 px).
GUI_WINDOW_HOLE_RULES,Window Hole Rules,Règles du trou de fenêtre,窗口洞洞规则,ウィンドウホールのルール,창 구멍 규칙,視窗洞洞規則,Правила оконного отверстия,Reguły dziury w oknie,Reglas del agujero de ventana,Regras do furo da janela,Fensterloch-Regeln,Pencere deliği kuralları,Regole del foro finestra
GUI_WINDOW_HOLE_RULES_PROMPT,One executable name or window class per line. Empty allow-lists mean all windows are eligible. Excluded entries always win.,Un nom d'exécutable ou une classe de fenêtre par ligne. Une liste d'autorisation vide autorise toutes les fenêtres. Les exclusions sont prioritaires.,每行填写一个程序名或窗口类名。允许列表为空表示所有窗口均可用。排除规则始终优先。,1行に実行ファイル名またはウィンドウクラスを1つ。許可リストが空ならすべてのウィンドウが対象です。除外が常に優先されます。,한 줄에 실행 파일 이름 또는 창 클래스를 하나씩 입력하세요. 허용 목록이 비어 있으면 모든 창이 대상입니다. 제외 규칙이 항상 우선합니다.,每行填寫一個程式名稱或視窗類別。允許清單為空表示所有視窗均可用。排除規則永遠優先。,По одному имени исполняемого файла или классу окна в строке. Пустые списки разрешений означают доступ для всех окон. Исключения имеют приоритет.,Jedna nazwa programu lub klasa okna w wierszu. Pusta lista dozwolonych oznacza wszystkie okna. Wykluczenia mają zawsze pierwszeństwo.,Un nombre de ejecutable o clase de ventana por línea. Las listas permitidas vacías incluyen todas las ventanas. Las exclusiones siempre tienen prioridad.,Um nome de executável ou classe de janela por linha. Listas de permissão vazias incluem todas as janelas. As exclusões sempre têm prioridade.,Ein ausführbarer Name oder eine Fensterklasse pro Zeile. Leere Zulassungslisten erlauben alle Fenster. Ausschlüsse haben immer Vorrang.,Her satıra bir çalıştırılabilir dosya adı veya pencere sınıfı yazın. Boş izin listeleri tüm pencerelere izin verir. Hariç tutmalar her zaman önceliklidir.,Un nome eseguibile o una classe finestra per riga. Liste consentite vuote includono tutte le finestre. Le esclusioni hanno sempre la precedenza.
GUI_WINDOW_HOLE_ALLOW_EXE,Allowed executables (optional),Exécutables autorisés (facultatif),允许的程序（可选）,許可する実行ファイル（任意）,허용 실행 파일 (선택 사항),允許的程式（選填）,Разрешённые исполняемые файлы (необязательно),Dozwolone programy (opcjonalne),Ejecutables permitidos (opcional),Executáveis permitidos (opcional),Zugelassene Programme (optional),İzin verilen çalıştırılabilir dosyalar (isteğe bağlı),Eseguibili consentiti (facoltativo)
GUI_WINDOW_HOLE_EXCLUDE_EXE,Excluded executables,Exécutables exclus,排除的程序,除外する実行ファイル,제외 실행 파일,排除的程式,Исключённые исполняемые файлы,Wykluczone programy,Ejecutables excluidos,Executáveis excluídos,Ausgeschlossene Programme,Hariç tutulan çalıştırılabilir dosyalar,Eseguibili esclusi
GUI_WINDOW_HOLE_ALLOW_CLASS,Allowed window classes (optional),Classes de fenêtres autorisées (facultatif),允许的窗口类（可选）,許可するウィンドウクラス（任意）,허용 창 클래스 (선택 사항),允許的視窗類別（選填）,Разрешённые классы окон (необязательно),Dozwolone klasy okien (opcjonalne),Clases de ventana permitidas (opcional),Classes de janela permitidas (opcional),Zugelassene Fensterklassen (optional),İzin verilen pencere sınıfları (isteğe bağlı),Classi finestra consentite (facoltativo)
GUI_WINDOW_HOLE_EXCLUDE_CLASS,Excluded window classes,Classes de fenêtres exclues,排除的窗口类,除外するウィンドウクラス,제외 창 클래스,排除的視窗類別,Исключённые классы окон,Wykluczone klasy okien,Clases de ventana excluidas,Classes de janela excluídas,Ausgeschlossene Fensterklassen,Hariç tutulan pencere sınıfları,Classi finestra escluse
MSG_WINDOW_HOLE_SIZE_SET,Window hole size set to {1}px.,Taille du trou de fenêtre définie sur {1}px.,窗口洞洞大小已设置为 {1} 像素。,ウィンドウホールのサイズを {1}px に設定しました。,창 구멍 크기를 {1}px로 설정했습니다.,視窗洞洞大小已設定為 {1} 像素。,Размер оконного отверстия: {1}px.,Rozmiar dziury w oknie ustawiono na {1}px.,Tamaño del agujero de ventana: {1}px.,Tamanho do furo da janela: {1}px.,Fensterlochgröße auf {1}px gesetzt.,Pencere deliği boyutu {1}px olarak ayarlandı.,Dimensione foro finestra impostata su {1}px.
MSG_WINDOW_HOLE_SHAPE_SET,Window hole shape: {1}.,Forme du trou de fenêtre : {1}.,窗口洞洞形状：{1}。,ウィンドウホールの形状：{1}。,창 구멍 모양: {1}.,視窗洞洞形狀：{1}。,Форма оконного отверстия: {1}.,Kształt dziury w oknie: {1}.,Forma del agujero de ventana: {1}.,Forma do furo da janela: {1}.,Fensterlochform: {1}.,Pencere deliği şekli: {1}.,Forma del foro finestra: {1}.
MSG_WINDOW_HOLE_SECOND_ENABLED,Second penetration enabled.,Deuxième niveau de pénétration activé.,已启用第二层穿透。,第2透過レイヤーを有効にしました。,두 번째 투과 단계를 사용합니다.,已啟用第二層穿透。,Второй уровень проникновения включён.,Drugi poziom penetracji włączony.,Segundo nivel de penetración activado.,Segundo nível de penetração ativado.,Zweite Durchdringungsebene aktiviert.,İkinci geçiş katmanı etkinleştirildi.,Secondo livello di penetrazione attivato.
MSG_WINDOW_HOLE_SECOND_DISABLED,Second penetration disabled.,Deuxième niveau de pénétration désactivé.,已禁用第二层穿透。,第2透過レイヤーを無効にしました。,두 번째 투과 단계를 사용하지 않습니다.,已停用第二層穿透。,Второй уровень проникновения выключен.,Drugi poziom penetracji wyłączony.,Segundo nivel de penetración desactivado.,Segundo nível de penetração desativado.,Zweite Durchdringungsebene deaktiviert.,İkinci geçiş katmanı devre dışı bırakıldı.,Secondo livello di penetrazione disattivato.
MSG_WINDOW_HOLE_ACTIVATION_HOLD,Window Hole uses hold mode.,Le trou de fenêtre utilise le mode maintien.,窗口洞洞使用按住模式。,ウィンドウホールは長押しモードです。,창 구멍은 길게 누르기 모드입니다.,視窗洞洞使用按住模式。,Оконное отверстие работает в режиме удержания.,Dziura w oknie działa w trybie przytrzymania.,El agujero de ventana usa el modo de mantener.,O furo da janela usa o modo de manter.,Fensterloch verwendet den Haltemodus.,Pencere deliği basılı tutma modunu kullanıyor.,Il foro finestra usa la modalità a pressione.
MSG_WINDOW_HOLE_ACTIVATION_TOGGLE,Window Hole uses toggle mode.,Le trou de fenêtre utilise le mode bascule.,窗口洞洞使用切换模式。,ウィンドウホールは切り替えモードです。,창 구멍은 전환 모드입니다.,視窗洞洞使用切換模式。,Оконное отверстие работает в режиме переключения.,Dziura w oknie działa w trybie przełączania.,El agujero de ventana usa el modo alternar.,O furo da janela usa o modo alternar.,Fensterloch verwendet den Umschaltmodus.,Pencere deliği geçiş modunu kullanıyor.,Il foro finestra usa la modalità alternanza.
MSG_WINDOW_HOLE_FALLBACK_ENABLED,Incompatible windows will be temporarily minimized.,Les fenêtres incompatibles seront temporairement réduites.,不兼容窗口将暂时最小化。,非対応ウィンドウは一時的に最小化されます。,호환되지 않는 창은 일시적으로 최소화됩니다.,不相容視窗將暫時最小化。,Несовместимые окна будут временно сворачиваться.,Niezgodne okna będą tymczasowo minimalizowane.,Las ventanas incompatibles se minimizarán temporalmente.,Janelas incompatíveis serão minimizadas temporariamente.,Inkompatible Fenster werden vorübergehend minimiert.,Uyumsuz pencereler geçici olarak küçültülecek.,Le finestre incompatibili saranno minimizzate temporaneamente.
MSG_WINDOW_HOLE_FALLBACK_DISABLED,Incompatible windows will be left unchanged.,Les fenêtres incompatibles resteront inchangées.,不兼容窗口将保持不变。,非対応ウィンドウは変更しません。,호환되지 않는 창은 변경하지 않습니다.,不相容視窗將保持不變。,Несовместимые окна останутся без изменений.,Niezgodne okna pozostaną bez zmian.,Las ventanas incompatibles no se modificarán.,Janelas incompatíveis permanecerão inalteradas.,Inkompatible Fenster bleiben unverändert.,Uyumsuz pencereler değişmeden bırakılacak.,Le finestre incompatibili resteranno invariate.
MSG_WINDOW_HOLE_RULES_SAVED,Window Hole rules saved.,Règles du trou de fenêtre enregistrées.,窗口洞洞规则已保存。,ウィンドウホールのルールを保存しました。,창 구멍 규칙이 저장되었습니다.,視窗洞洞規則已儲存。,Правила оконного отверстия сохранены.,Reguły dziury w oknie zapisano.,Reglas del agujero de ventana guardadas.,Regras do furo da janela salvas.,Fensterloch-Regeln gespeichert.,Pencere deliği kuralları kaydedildi.,Regole del foro finestra salvate.
CHEAT_ACT_WINDOW_HOLE,Create a temporary mouse-following hole in the active window,Créer un trou temporaire suivant la souris dans la fenêtre active,在活动窗口中创建跟随鼠标的临时洞,アクティブウィンドウにマウス追従の一時的な穴を作成,활성 창에 마우스를 따라가는 임시 구멍 만들기,在作用中視窗建立跟隨滑鼠的暫時洞洞,Создать временное отверстие в активном окне,Utwórz tymczasową dziurę w aktywnym oknie,Crear un agujero temporal en la ventana activa,Criar um furo temporário na janela ativa,Temporäres Loch im aktiven Fenster erstellen,Etkin pencerede fareyi izleyen geçici delik oluştur,Crea un foro temporaneo nella finestra attiva
CHEAT_ACT_WINDOW_HOLE_SECOND,Toggle the second penetration layer,Basculer le deuxième niveau de pénétration,切换第二层穿透,第2透過レイヤーを切り替え,두 번째 투과 단계를 전환,切換第二層穿透,Переключить второй уровень проникновения,Przełącz drugi poziom penetracji,Alternar el segundo nivel de penetración,Alternar o segundo nível de penetração,Zweite Durchdringungsebene umschalten,İkinci geçiş katmanını değiştir,Commuta il secondo livello di penetrazione
MSG_WINDOW_HOLE_FALLBACK_USED,Incompatible window temporarily minimized.,Fenêtre incompatible temporairement réduite.,不兼容窗口已暂时最小化。,非対応ウィンドウを一時的に最小化しました。,호환되지 않는 창을 일시적으로 최소화했습니다.,不相容視窗已暫時最小化。,Несовместимое окно временно свёрнуто.,Niezgodne okno zostało tymczasowo zminimalizowane.,Ventana incompatible minimizada temporalmente.,Janela incompatível minimizada temporariamente.,Inkompatibles Fenster vorübergehend minimiert.,Uyumsuz pencere geçici olarak küçültüldü.,Finestra incompatibile minimizzata temporaneamente.
